"0","# Análise Exploratória do Actigraph.csv"
"0",""
"0","# Conta quantos valores ""NA"" existem no seu arquivo"
"0","sum(is.na(listaHeartRate[[1]]))"
"1","[1]"
"1"," 0"
"1","
"
"0","# Estatística Descritiva"
"0","lapply(listaHeartRate,summary)"
"1","[[1]]
"
"1",""
"1","       X        "
"1","
"
"1"," Min.   :   82  "
"1","
"
"1"," 1st Qu.:21090  "
"1","
"
"1"," Median :42012  "
"1","
"
"1"," Mean   :42138  "
"1","
"
"1"," 3rd Qu.:63086  "
"1","
"
"1"," Max.   :84995  "
"1","
"
"1",""
"1","     Axis1       "
"1","
"
"1"," Min.   :  0.00  "
"1","
"
"1"," 1st Qu.:  0.00  "
"1","
"
"1"," Median :  0.00  "
"1","
"
"1"," Mean   : 19.35  "
"1","
"
"1"," 3rd Qu.: 23.00  "
"1","
"
"1"," Max.   :490.00  "
"1","
"
"1",""
"1","     Axis2       "
"1","
"
"1"," Min.   :  0.00  "
"1","
"
"1"," 1st Qu.:  0.00  "
"1","
"
"1"," Median :  0.00  "
"1","
"
"1"," Mean   : 19.87  "
"1","
"
"1"," 3rd Qu.: 17.00  "
"1","
"
"1"," Max.   :576.00  "
"1","
"
"1",""
"1","     Axis3       "
"1","
"
"1"," Min.   :  0.00  "
"1","
"
"1"," 1st Qu.:  0.00  "
"1","
"
"1"," Median :  0.00  "
"1","
"
"1"," Mean   : 24.46  "
"1","
"
"1"," 3rd Qu.: 30.00  "
"1","
"
"1"," Max.   :496.00  "
"1","
"
"1",""
"1","     Steps       "
"1","
"
"1"," Min.   :0.0000  "
"1","
"
"1"," 1st Qu.:0.0000  "
"1","
"
"1"," Median :0.0000  "
"1","
"
"1"," Mean   :0.2006  "
"1","
"
"1"," 3rd Qu.:0.0000  "
"1","
"
"1"," Max.   :4.0000  "
"1","
"
"1",""
"1","       HR        "
"1","
"
"1"," Min.   : 32.00  "
"1","
"
"1"," 1st Qu.: 70.00  "
"1","
"
"1"," Median : 86.00  "
"1","
"
"1"," Mean   : 84.72  "
"1","
"
"1"," 3rd Qu.: 97.00  "
"1","
"
"1"," Max.   :251.00  "
"1","
"
"1",""
"1"," Inclinometer.Off"
"1","
"
"1"," Min.   :0.0000  "
"1","
"
"1"," 1st Qu.:0.0000  "
"1","
"
"1"," Median :0.0000  "
"1","
"
"1"," Mean   :0.2322  "
"1","
"
"1"," 3rd Qu.:0.0000  "
"1","
"
"1"," Max.   :1.0000  "
"1","
"
"1",""
"1"," Inclinometer.Standing"
"1","
"
"1"," Min.   :0.0000       "
"1","
"
"1"," 1st Qu.:0.0000       "
"1","
"
"1"," Median :0.0000       "
"1","
"
"1"," Mean   :0.3577       "
"1","
"
"1"," 3rd Qu.:1.0000       "
"1","
"
"1"," Max.   :1.0000       "
"1","
"
"1",""
"1"," Inclinometer.Sitting"
"1","
"
"1"," Min.   :0.0000      "
"1","
"
"1"," 1st Qu.:0.0000      "
"1","
"
"1"," Median :0.0000      "
"1","
"
"1"," Mean   :0.2804      "
"1","
"
"1"," 3rd Qu.:1.0000      "
"1","
"
"1"," Max.   :1.0000      "
"1","
"
"1",""
"1"," Inclinometer.Lying"
"1","
"
"1"," Min.   :0.0000    "
"1","
"
"1"," 1st Qu.:0.0000    "
"1","
"
"1"," Median :0.0000    "
"1","
"
"1"," Mean   :0.1298    "
"1","
"
"1"," 3rd Qu.:0.0000    "
"1","
"
"1"," Max.   :1.0000    "
"1","
"
"1",""
"1"," Vector.Magnitude"
"1","
"
"1"," Min.   :  0.0   "
"1","
"
"1"," 1st Qu.:  0.0   "
"1","
"
"1"," Median :  0.0   "
"1","
"
"1"," Mean   : 42.2   "
"1","
"
"1"," 3rd Qu.: 64.0   "
"1","
"
"1"," Max.   :626.1   "
"1","
"
"1",""
"1","      day       "
"1","
"
"1"," Min.   :1.000  "
"1","
"
"1"," 1st Qu.:1.000  "
"1","
"
"1"," Median :1.000  "
"1","
"
"1"," Mean   :1.406  "
"1","
"
"1"," 3rd Qu.:2.000  "
"1","
"
"1"," Max.   :2.000  "
"1","
"
"1",""
"1","        time      "
"1","
"
"1"," Length   :67936  "
"1","
"
"1"," N.unique :67936  "
"1","
"
"1"," N.blank  :    0  "
"1","
"
"1"," Min.nchar:    8  "
"1","
"
"1"," Max.nchar:    8  "
"1","
"
"1","                  "
"1","
"
"1","
"
"1","[[2]]
"
"1",""
"1","       X        "
"1","
"
"1"," Min.   :  201  "
"1","
"
"1"," 1st Qu.:19118  "
"1","
"
"1"," Median :38546  "
"1","
"
"1"," Mean   :40568  "
"1","
"
"1"," 3rd Qu.:60853  "
"1","
"
"1"," Max.   :85513  "
"1","
"
"1",""
"1","     Axis1       "
"1","
"
"1"," Min.   :  0.00  "
"1","
"
"1"," 1st Qu.:  0.00  "
"1","
"
"1"," Median :  0.00  "
"1","
"
"1"," Mean   : 17.43  "
"1","
"
"1"," 3rd Qu.: 19.00  "
"1","
"
"1"," Max.   :651.00  "
"1","
"
"1",""
"1","     Axis2       "
"1","
"
"1"," Min.   :  0.00  "
"1","
"
"1"," 1st Qu.:  0.00  "
"1","
"
"1"," Median :  0.00  "
"1","
"
"1"," Mean   : 17.75  "
"1","
"
"1"," 3rd Qu.: 17.00  "
"1","
"
"1"," Max.   :542.00  "
"1","
"
"1",""
"1","     Axis3       "
"1","
"
"1"," Min.   :  0.00  "
"1","
"
"1"," 1st Qu.:  0.00  "
"1","
"
"1"," Median :  0.00  "
"1","
"
"1"," Mean   : 20.79  "
"1","
"
"1"," 3rd Qu.: 25.00  "
"1","
"
"1"," Max.   :544.00  "
"1","
"
"1",""
"1","     Steps      "
"1","
"
"1"," Min.   :0.000  "
"1","
"
"1"," 1st Qu.:0.000  "
"1","
"
"1"," Median :0.000  "
"1","
"
"1"," Mean   :0.204  "
"1","
"
"1"," 3rd Qu.:0.000  "
"1","
"
"1"," Max.   :3.000  "
"1","
"
"1",""
"1","       HR        "
"1","
"
"1"," Min.   : 10.00  "
"1","
"
"1"," 1st Qu.: 67.00  "
"1","
"
"1"," Median : 75.00  "
"1","
"
"1"," Mean   : 74.53  "
"1","
"
"1"," 3rd Qu.: 82.00  "
"1","
"
"1"," Max.   :233.00  "
"1","
"
"1",""
"1"," Inclinometer.Off"
"1","
"
"1"," Min.   :0.0000  "
"1","
"
"1"," 1st Qu.:0.0000  "
"1","
"
"1"," Median :0.0000  "
"1","
"
"1"," Mean   :0.1585  "
"1","
"
"1"," 3rd Qu.:0.0000  "
"1","
"
"1"," Max.   :1.0000  "
"1","
"
"1",""
"1"," Inclinometer.Standing"
"1","
"
"1"," Min.   :0.0000       "
"1","
"
"1"," 1st Qu.:0.0000       "
"1","
"
"1"," Median :0.0000       "
"1","
"
"1"," Mean   :0.3845       "
"1","
"
"1"," 3rd Qu.:1.0000       "
"1","
"
"1"," Max.   :1.0000       "
"1","
"
"1",""
"1"," Inclinometer.Sitting"
"1","
"
"1"," Min.   :0.0000      "
"1","
"
"1"," 1st Qu.:0.0000      "
"1","
"
"1"," Median :0.0000      "
"1","
"
"1"," Mean   :0.3136      "
"1","
"
"1"," 3rd Qu.:1.0000      "
"1","
"
"1"," Max.   :1.0000      "
"1","
"
"1",""
"1"," Inclinometer.Lying"
"1","
"
"1"," Min.   :0.0000    "
"1","
"
"1"," 1st Qu.:0.0000    "
"1","
"
"1"," Median :0.0000    "
"1","
"
"1"," Mean   :0.1433    "
"1","
"
"1"," 3rd Qu.:0.0000    "
"1","
"
"1"," Max.   :1.0000    "
"1","
"
"1",""
"1"," Vector.Magnitude"
"1","
"
"1"," Min.   :  0.00  "
"1","
"
"1"," 1st Qu.:  0.00  "
"1","
"
"1"," Median :  0.00  "
"1","
"
"1"," Mean   : 37.21  "
"1","
"
"1"," 3rd Qu.: 57.00  "
"1","
"
"1"," Max.   :854.02  "
"1","
"
"1",""
"1","      day       "
"1","
"
"1"," Min.   :1.000  "
"1","
"
"1"," 1st Qu.:1.000  "
"1","
"
"1"," Median :1.000  "
"1","
"
"1"," Mean   :1.361  "
"1","
"
"1"," 3rd Qu.:2.000  "
"1","
"
"1"," Max.   :2.000  "
"1","
"
"1",""
"1","        time      "
"1","
"
"1"," Length   :60862  "
"1","
"
"1"," N.unique :60862  "
"1","
"
"1"," N.blank  :    0  "
"1","
"
"1"," Min.nchar:    8  "
"1","
"
"1"," Max.nchar:    8  "
"1","
"
"1","                  "
"1","
"
"1","
"
"1","[[3]]
"
"1",""
"1","       X        "
"1","
"
"1"," Min.   :  251  "
"1","
"
"1"," 1st Qu.:21059  "
"1","
"
"1"," Median :41864  "
"1","
"
"1"," Mean   :43326  "
"1","
"
"1"," 3rd Qu.:65415  "
"1","
"
"1"," Max.   :89319  "
"1","
"
"1",""
"1","     Axis1       "
"1","
"
"1"," Min.   :  0.00  "
"1","
"
"1"," 1st Qu.:  0.00  "
"1","
"
"1"," Median :  0.00  "
"1","
"
"1"," Mean   : 18.79  "
"1","
"
"1"," 3rd Qu.: 21.00  "
"1","
"
"1"," Max.   :693.00  "
"1","
"
"1",""
"1","     Axis2       "
"1","
"
"1"," Min.   :  0.00  "
"1","
"
"1"," 1st Qu.:  0.00  "
"1","
"
"1"," Median :  0.00  "
"1","
"
"1"," Mean   : 20.73  "
"1","
"
"1"," 3rd Qu.: 23.00  "
"1","
"
"1"," Max.   :740.00  "
"1","
"
"1",""
"1","     Axis3       "
"1","
"
"1"," Min.   :  0.00  "
"1","
"
"1"," 1st Qu.:  0.00  "
"1","
"
"1"," Median :  0.00  "
"1","
"
"1"," Mean   : 21.42  "
"1","
"
"1"," 3rd Qu.: 27.00  "
"1","
"
"1"," Max.   :605.00  "
"1","
"
"1",""
"1","     Steps      "
"1","
"
"1"," Min.   :0.000  "
"1","
"
"1"," 1st Qu.:0.000  "
"1","
"
"1"," Median :0.000  "
"1","
"
"1"," Mean   :0.263  "
"1","
"
"1"," 3rd Qu.:0.000  "
"1","
"
"1"," Max.   :4.000  "
"1","
"
"1",""
"1","       HR        "
"1","
"
"1"," Min.   :  3.00  "
"1","
"
"1"," 1st Qu.: 62.00  "
"1","
"
"1"," Median : 78.00  "
"1","
"
"1"," Mean   : 77.54  "
"1","
"
"1"," 3rd Qu.: 85.00  "
"1","
"
"1"," Max.   :194.00  "
"1","
"
"1",""
"1"," Inclinometer.Off"
"1","
"
"1"," Min.   :0.0000  "
"1","
"
"1"," 1st Qu.:0.0000  "
"1","
"
"1"," Median :0.0000  "
"1","
"
"1"," Mean   :0.1622  "
"1","
"
"1"," 3rd Qu.:0.0000  "
"1","
"
"1"," Max.   :1.0000  "
"1","
"
"1",""
"1"," Inclinometer.Standing"
"1","
"
"1"," Min.   :0.0000       "
"1","
"
"1"," 1st Qu.:0.0000       "
"1","
"
"1"," Median :0.0000       "
"1","
"
"1"," Mean   :0.3872       "
"1","
"
"1"," 3rd Qu.:1.0000       "
"1","
"
"1"," Max.   :1.0000       "
"1","
"
"1",""
"1"," Inclinometer.Sitting"
"1","
"
"1"," Min.   :0.000       "
"1","
"
"1"," 1st Qu.:0.000       "
"1","
"
"1"," Median :0.000       "
"1","
"
"1"," Mean   :0.345       "
"1","
"
"1"," 3rd Qu.:1.000       "
"1","
"
"1"," Max.   :1.000       "
"1","
"
"1",""
"1"," Inclinometer.Lying"
"1","
"
"1"," Min.   :0.0000    "
"1","
"
"1"," 1st Qu.:0.0000    "
"1","
"
"1"," Median :0.0000    "
"1","
"
"1"," Mean   :0.1056    "
"1","
"
"1"," 3rd Qu.:0.0000    "
"1","
"
"1"," Max.   :1.0000    "
"1","
"
"1",""
"1"," Vector.Magnitude"
"1","
"
"1"," Min.   :  0.00  "
"1","
"
"1"," 1st Qu.:  0.00  "
"1","
"
"1"," Median :  0.00  "
"1","
"
"1"," Mean   : 40.16  "
"1","
"
"1"," 3rd Qu.: 63.05  "
"1","
"
"1"," Max.   :977.61  "
"1","
"
"1",""
"1","      day       "
"1","
"
"1"," Min.   :1.000  "
"1","
"
"1"," 1st Qu.:1.000  "
"1","
"
"1"," Median :1.000  "
"1","
"
"1"," Mean   :1.396  "
"1","
"
"1"," 3rd Qu.:2.000  "
"1","
"
"1"," Max.   :2.000  "
"1","
"
"1",""
"1","        time      "
"1","
"
"1"," Length   :67772  "
"1","
"
"1"," N.unique :66954  "
"1","
"
"1"," N.blank  :    0  "
"1","
"
"1"," Min.nchar:    8  "
"1","
"
"1"," Max.nchar:    8  "
"1","
"
"1","                  "
"1","
"
"1","
"
"1","[[4]]
"
"1",""
"1","       X        "
"1","
"
"1"," Min.   :  113  "
"1","
"
"1"," 1st Qu.:20007  "
"1","
"
"1"," Median :40516  "
"1","
"
"1"," Mean   :41522  "
"1","
"
"1"," 3rd Qu.:61391  "
"1","
"
"1"," Max.   :88238  "
"1","
"
"1",""
"1","     Axis1      "
"1","
"
"1"," Min.   :  0.0  "
"1","
"
"1"," 1st Qu.:  0.0  "
"1","
"
"1"," Median :  0.0  "
"1","
"
"1"," Mean   : 17.5  "
"1","
"
"1"," 3rd Qu.: 18.0  "
"1","
"
"1"," Max.   :544.0  "
"1","
"
"1",""
"1","     Axis2       "
"1","
"
"1"," Min.   :  0.00  "
"1","
"
"1"," 1st Qu.:  0.00  "
"1","
"
"1"," Median :  0.00  "
"1","
"
"1"," Mean   : 16.81  "
"1","
"
"1"," 3rd Qu.: 15.00  "
"1","
"
"1"," Max.   :581.00  "
"1","
"
"1",""
"1","     Axis3       "
"1","
"
"1"," Min.   :  0.00  "
"1","
"
"1"," 1st Qu.:  0.00  "
"1","
"
"1"," Median :  0.00  "
"1","
"
"1"," Mean   : 22.63  "
"1","
"
"1"," 3rd Qu.: 28.00  "
"1","
"
"1"," Max.   :414.00  "
"1","
"
"1",""
"1","     Steps       "
"1","
"
"1"," Min.   :0.0000  "
"1","
"
"1"," 1st Qu.:0.0000  "
"1","
"
"1"," Median :0.0000  "
"1","
"
"1"," Mean   :0.1845  "
"1","
"
"1"," 3rd Qu.:0.0000  "
"1","
"
"1"," Max.   :4.0000  "
"1","
"
"1",""
"1","       HR        "
"1","
"
"1"," Min.   : 44.00  "
"1","
"
"1"," 1st Qu.: 63.00  "
"1","
"
"1"," Median : 72.00  "
"1","
"
"1"," Mean   : 71.92  "
"1","
"
"1"," 3rd Qu.: 81.00  "
"1","
"
"1"," Max.   :189.00  "
"1","
"
"1",""
"1"," Inclinometer.Off"
"1","
"
"1"," Min.   :0.0000  "
"1","
"
"1"," 1st Qu.:0.0000  "
"1","
"
"1"," Median :0.0000  "
"1","
"
"1"," Mean   :0.1777  "
"1","
"
"1"," 3rd Qu.:0.0000  "
"1","
"
"1"," Max.   :1.0000  "
"1","
"
"1",""
"1"," Inclinometer.Standing"
"1","
"
"1"," Min.   :0.0000       "
"1","
"
"1"," 1st Qu.:0.0000       "
"1","
"
"1"," Median :0.0000       "
"1","
"
"1"," Mean   :0.3484       "
"1","
"
"1"," 3rd Qu.:1.0000       "
"1","
"
"1"," Max.   :1.0000       "
"1","
"
"1",""
"1"," Inclinometer.Sitting"
"1","
"
"1"," Min.   :0.0000      "
"1","
"
"1"," 1st Qu.:0.0000      "
"1","
"
"1"," Median :0.0000      "
"1","
"
"1"," Mean   :0.3425      "
"1","
"
"1"," 3rd Qu.:1.0000      "
"1","
"
"1"," Max.   :1.0000      "
"1","
"
"1",""
"1"," Inclinometer.Lying"
"1","
"
"1"," Min.   :0.0000    "
"1","
"
"1"," 1st Qu.:0.0000    "
"1","
"
"1"," Median :0.0000    "
"1","
"
"1"," Mean   :0.1314    "
"1","
"
"1"," 3rd Qu.:0.0000    "
"1","
"
"1"," Max.   :1.0000    "
"1","
"
"1",""
"1"," Vector.Magnitude"
"1","
"
"1"," Min.   :  0.00  "
"1","
"
"1"," 1st Qu.:  0.00  "
"1","
"
"1"," Median :  0.00  "
"1","
"
"1"," Mean   : 37.65  "
"1","
"
"1"," 3rd Qu.: 56.00  "
"1","
"
"1"," Max.   :713.15  "
"1","
"
"1",""
"1","      day       "
"1","
"
"1"," Min.   :1.000  "
"1","
"
"1"," 1st Qu.:1.000  "
"1","
"
"1"," Median :1.000  "
"1","
"
"1"," Mean   :1.343  "
"1","
"
"1"," 3rd Qu.:2.000  "
"1","
"
"1"," Max.   :2.000  "
"1","
"
"1",""
"1","        time      "
"1","
"
"1"," Length   :64796  "
"1","
"
"1"," N.unique :64706  "
"1","
"
"1"," N.blank  :    0  "
"1","
"
"1"," Min.nchar:    8  "
"1","
"
"1"," Max.nchar:    8  "
"1","
"
"1","                  "
"1","
"
"1","
"
"1","[[5]]
"
"1",""
"1","       X        "
"1","
"
"1"," Min.   :  130  "
"1","
"
"1"," 1st Qu.:20471  "
"1","
"
"1"," Median :40806  "
"1","
"
"1"," Mean   :40754  "
"1","
"
"1"," 3rd Qu.:61026  "
"1","
"
"1"," Max.   :88566  "
"1","
"
"1",""
"1","     Axis1       "
"1","
"
"1"," Min.   :  0.00  "
"1","
"
"1"," 1st Qu.:  0.00  "
"1","
"
"1"," Median :  0.00  "
"1","
"
"1"," Mean   : 12.15  "
"1","
"
"1"," 3rd Qu.:  0.00  "
"1","
"
"1"," Max.   :910.00  "
"1","
"
"1",""
"1","     Axis2       "
"1","
"
"1"," Min.   :  0.00  "
"1","
"
"1"," 1st Qu.:  0.00  "
"1","
"
"1"," Median :  0.00  "
"1","
"
"1"," Mean   : 11.95  "
"1","
"
"1"," 3rd Qu.:  0.00  "
"1","
"
"1"," Max.   :793.00  "
"1","
"
"1",""
"1","     Axis3       "
"1","
"
"1"," Min.   :  0.00  "
"1","
"
"1"," 1st Qu.:  0.00  "
"1","
"
"1"," Median :  0.00  "
"1","
"
"1"," Mean   : 16.43  "
"1","
"
"1"," 3rd Qu.:  0.00  "
"1","
"
"1"," Max.   :547.00  "
"1","
"
"1",""
"1","     Steps      "
"1","
"
"1"," Min.   :0.000  "
"1","
"
"1"," 1st Qu.:0.000  "
"1","
"
"1"," Median :0.000  "
"1","
"
"1"," Mean   :0.125  "
"1","
"
"1"," 3rd Qu.:0.000  "
"1","
"
"1"," Max.   :3.000  "
"1","
"
"1",""
"1","       HR        "
"1","
"
"1"," Min.   :  3.00  "
"1","
"
"1"," 1st Qu.: 66.00  "
"1","
"
"1"," Median : 73.00  "
"1","
"
"1"," Mean   : 74.88  "
"1","
"
"1"," 3rd Qu.: 82.00  "
"1","
"
"1"," Max.   :228.00  "
"1","
"
"1",""
"1"," Inclinometer.Off"
"1","
"
"1"," Min.   :0.0000  "
"1","
"
"1"," 1st Qu.:0.0000  "
"1","
"
"1"," Median :0.0000  "
"1","
"
"1"," Mean   :0.2648  "
"1","
"
"1"," 3rd Qu.:1.0000  "
"1","
"
"1"," Max.   :1.0000  "
"1","
"
"1",""
"1"," Inclinometer.Standing"
"1","
"
"1"," Min.   :0.000        "
"1","
"
"1"," 1st Qu.:0.000        "
"1","
"
"1"," Median :0.000        "
"1","
"
"1"," Mean   :0.237        "
"1","
"
"1"," 3rd Qu.:0.000        "
"1","
"
"1"," Max.   :1.000        "
"1","
"
"1",""
"1"," Inclinometer.Sitting"
"1","
"
"1"," Min.   :0.000       "
"1","
"
"1"," 1st Qu.:0.000       "
"1","
"
"1"," Median :0.000       "
"1","
"
"1"," Mean   :0.391       "
"1","
"
"1"," 3rd Qu.:1.000       "
"1","
"
"1"," Max.   :1.000       "
"1","
"
"1",""
"1"," Inclinometer.Lying"
"1","
"
"1"," Min.   :0.0000    "
"1","
"
"1"," 1st Qu.:0.0000    "
"1","
"
"1"," Median :0.0000    "
"1","
"
"1"," Mean   :0.1072    "
"1","
"
"1"," 3rd Qu.:0.0000    "
"1","
"
"1"," Max.   :1.0000    "
"1","
"
"1",""
"1"," Vector.Magnitude"
"1","
"
"1"," Min.   :  0.0   "
"1","
"
"1"," 1st Qu.:  0.0   "
"1","
"
"1"," Median :  0.0   "
"1","
"
"1"," Mean   : 26.7   "
"1","
"
"1"," 3rd Qu.:  6.0   "
"1","
"
"1"," Max.   :981.3   "
"1","
"
"1",""
"1","      day       "
"1","
"
"1"," Min.   :1.000  "
"1","
"
"1"," 1st Qu.:1.000  "
"1","
"
"1"," Median :1.000  "
"1","
"
"1"," Mean   :1.353  "
"1","
"
"1"," 3rd Qu.:2.000  "
"1","
"
"1"," Max.   :2.000  "
"1","
"
"1",""
"1","        time      "
"1","
"
"1"," Length   :65054  "
"1","
"
"1"," N.unique :64998  "
"1","
"
"1"," N.blank  :    0  "
"1","
"
"1"," Min.nchar:    8  "
"1","
"
"1"," Max.nchar:    8  "
"1","
"
"1","                  "
"1","
"
"1","
"
"1","[[6]]
"
"1",""
"1","       X        "
"1","
"
"1"," Min.   :  180  "
"1","
"
"1"," 1st Qu.:23116  "
"1","
"
"1"," Median :43858  "
"1","
"
"1"," Mean   :43727  "
"1","
"
"1"," 3rd Qu.:64797  "
"1","
"
"1"," Max.   :85948  "
"1","
"
"1",""
"1","     Axis1      "
"1","
"
"1"," Min.   :  0.0  "
"1","
"
"1"," 1st Qu.:  0.0  "
"1","
"
"1"," Median :  0.0  "
"1","
"
"1"," Mean   : 17.7  "
"1","
"
"1"," 3rd Qu.: 14.0  "
"1","
"
"1"," Max.   :472.0  "
"1","
"
"1",""
"1","     Axis2       "
"1","
"
"1"," Min.   :  0.00  "
"1","
"
"1"," 1st Qu.:  0.00  "
"1","
"
"1"," Median :  0.00  "
"1","
"
"1"," Mean   : 16.15  "
"1","
"
"1"," 3rd Qu.:  6.00  "
"1","
"
"1"," Max.   :617.00  "
"1","
"
"1",""
"1","     Axis3       "
"1","
"
"1"," Min.   :  0.00  "
"1","
"
"1"," 1st Qu.:  0.00  "
"1","
"
"1"," Median :  0.00  "
"1","
"
"1"," Mean   : 20.02  "
"1","
"
"1"," 3rd Qu.: 15.00  "
"1","
"
"1"," Max.   :434.00  "
"1","
"
"1",""
"1","     Steps       "
"1","
"
"1"," Min.   :0.0000  "
"1","
"
"1"," 1st Qu.:0.0000  "
"1","
"
"1"," Median :0.0000  "
"1","
"
"1"," Mean   :0.1755  "
"1","
"
"1"," 3rd Qu.:0.0000  "
"1","
"
"1"," Max.   :3.0000  "
"1","
"
"1",""
"1","       HR        "
"1","
"
"1"," Min.   : 46.00  "
"1","
"
"1"," 1st Qu.: 72.00  "
"1","
"
"1"," Median : 87.00  "
"1","
"
"1"," Mean   : 86.31  "
"1","
"
"1"," 3rd Qu.: 97.00  "
"1","
"
"1"," Max.   :224.00  "
"1","
"
"1",""
"1"," Inclinometer.Off"
"1","
"
"1"," Min.   :0.0000  "
"1","
"
"1"," 1st Qu.:0.0000  "
"1","
"
"1"," Median :0.0000  "
"1","
"
"1"," Mean   :0.2744  "
"1","
"
"1"," 3rd Qu.:1.0000  "
"1","
"
"1"," Max.   :1.0000  "
"1","
"
"1",""
"1"," Inclinometer.Standing"
"1","
"
"1"," Min.   :0.0000       "
"1","
"
"1"," 1st Qu.:0.0000       "
"1","
"
"1"," Median :0.0000       "
"1","
"
"1"," Mean   :0.3248       "
"1","
"
"1"," 3rd Qu.:1.0000       "
"1","
"
"1"," Max.   :1.0000       "
"1","
"
"1",""
"1"," Inclinometer.Sitting"
"1","
"
"1"," Min.   :0.0000      "
"1","
"
"1"," 1st Qu.:0.0000      "
"1","
"
"1"," Median :0.0000      "
"1","
"
"1"," Mean   :0.2569      "
"1","
"
"1"," 3rd Qu.:1.0000      "
"1","
"
"1"," Max.   :1.0000      "
"1","
"
"1",""
"1"," Inclinometer.Lying"
"1","
"
"1"," Min.   :0.0000    "
"1","
"
"1"," 1st Qu.:0.0000    "
"1","
"
"1"," Median :0.0000    "
"1","
"
"1"," Mean   :0.1439    "
"1","
"
"1"," 3rd Qu.:0.0000    "
"1","
"
"1"," Max.   :1.0000    "
"1","
"
"1",""
"1"," Vector.Magnitude"
"1","
"
"1"," Min.   :  0.00  "
"1","
"
"1"," 1st Qu.:  0.00  "
"1","
"
"1"," Median :  0.00  "
"1","
"
"1"," Mean   : 35.19  "
"1","
"
"1"," 3rd Qu.: 38.01  "
"1","
"
"1"," Max.   :659.23  "
"1","
"
"1",""
"1","      day       "
"1","
"
"1"," Min.   :1.000  "
"1","
"
"1"," 1st Qu.:1.000  "
"1","
"
"1"," Median :1.000  "
"1","
"
"1"," Mean   :1.433  "
"1","
"
"1"," 3rd Qu.:2.000  "
"1","
"
"1"," Max.   :2.000  "
"1","
"
"1",""
"1","        time      "
"1","
"
"1"," Length   :67400  "
"1","
"
"1"," N.unique :67400  "
"1","
"
"1"," N.blank  :    0  "
"1","
"
"1"," Min.nchar:    8  "
"1","
"
"1"," Max.nchar:    8  "
"1","
"
"1","                  "
"1","
"
"1","
"
"1","[[7]]
"
"1",""
"1","       X        "
"1","
"
"1"," Min.   :  145  "
"1","
"
"1"," 1st Qu.:21345  "
"1","
"
"1"," Median :42428  "
"1","
"
"1"," Mean   :42899  "
"1","
"
"1"," 3rd Qu.:64496  "
"1","
"
"1"," Max.   :86880  "
"1","
"
"1",""
"1","     Axis1       "
"1","
"
"1"," Min.   :  0.00  "
"1","
"
"1"," 1st Qu.:  0.00  "
"1","
"
"1"," Median :  0.00  "
"1","
"
"1"," Mean   : 13.77  "
"1","
"
"1"," 3rd Qu.:  9.00  "
"1","
"
"1"," Max.   :654.00  "
"1","
"
"1",""
"1","     Axis2       "
"1","
"
"1"," Min.   :  0.00  "
"1","
"
"1"," 1st Qu.:  0.00  "
"1","
"
"1"," Median :  0.00  "
"1","
"
"1"," Mean   : 13.95  "
"1","
"
"1"," 3rd Qu.:  5.00  "
"1","
"
"1"," Max.   :738.00  "
"1","
"
"1",""
"1","     Axis3       "
"1","
"
"1"," Min.   :  0.00  "
"1","
"
"1"," 1st Qu.:  0.00  "
"1","
"
"1"," Median :  0.00  "
"1","
"
"1"," Mean   : 16.95  "
"1","
"
"1"," 3rd Qu.: 11.00  "
"1","
"
"1"," Max.   :623.00  "
"1","
"
"1",""
"1","     Steps       "
"1","
"
"1"," Min.   :0.0000  "
"1","
"
"1"," 1st Qu.:0.0000  "
"1","
"
"1"," Median :0.0000  "
"1","
"
"1"," Mean   :0.1669  "
"1","
"
"1"," 3rd Qu.:0.0000  "
"1","
"
"1"," Max.   :4.0000  "
"1","
"
"1",""
"1","       HR        "
"1","
"
"1"," Min.   : 47.00  "
"1","
"
"1"," 1st Qu.: 62.00  "
"1","
"
"1"," Median : 76.00  "
"1","
"
"1"," Mean   : 76.16  "
"1","
"
"1"," 3rd Qu.: 87.00  "
"1","
"
"1"," Max.   :223.00  "
"1","
"
"1",""
"1"," Inclinometer.Off"
"1","
"
"1"," Min.   :0.0000  "
"1","
"
"1"," 1st Qu.:0.0000  "
"1","
"
"1"," Median :0.0000  "
"1","
"
"1"," Mean   :0.2309  "
"1","
"
"1"," 3rd Qu.:0.0000  "
"1","
"
"1"," Max.   :1.0000  "
"1","
"
"1",""
"1"," Inclinometer.Standing"
"1","
"
"1"," Min.   :0.0000       "
"1","
"
"1"," 1st Qu.:0.0000       "
"1","
"
"1"," Median :0.0000       "
"1","
"
"1"," Mean   :0.3034       "
"1","
"
"1"," 3rd Qu.:1.0000       "
"1","
"
"1"," Max.   :1.0000       "
"1","
"
"1",""
"1"," Inclinometer.Sitting"
"1","
"
"1"," Min.   :0.0000      "
"1","
"
"1"," 1st Qu.:0.0000      "
"1","
"
"1"," Median :0.0000      "
"1","
"
"1"," Mean   :0.2655      "
"1","
"
"1"," 3rd Qu.:1.0000      "
"1","
"
"1"," Max.   :1.0000      "
"1","
"
"1",""
"1"," Inclinometer.Lying"
"1","
"
"1"," Min.   :0.0000    "
"1","
"
"1"," 1st Qu.:0.0000    "
"1","
"
"1"," Median :0.0000    "
"1","
"
"1"," Mean   :0.2002    "
"1","
"
"1"," 3rd Qu.:0.0000    "
"1","
"
"1"," Max.   :1.0000    "
"1","
"
"1",""
"1"," Vector.Magnitude"
"1","
"
"1"," Min.   :  0.00  "
"1","
"
"1"," 1st Qu.:  0.00  "
"1","
"
"1"," Median :  0.00  "
"1","
"
"1"," Mean   : 29.74  "
"1","
"
"1"," 3rd Qu.: 32.39  "
"1","
"
"1"," Max.   :831.90  "
"1","
"
"1",""
"1","      day       "
"1","
"
"1"," Min.   :1.000  "
"1","
"
"1"," 1st Qu.:1.000  "
"1","
"
"1"," Median :1.000  "
"1","
"
"1"," Mean   :1.399  "
"1","
"
"1"," 3rd Qu.:2.000  "
"1","
"
"1"," Max.   :2.000  "
"1","
"
"1",""
"1","        time      "
"1","
"
"1"," Length   :68714  "
"1","
"
"1"," N.unique :68451  "
"1","
"
"1"," N.blank  :    0  "
"1","
"
"1"," Min.nchar:    8  "
"1","
"
"1"," Max.nchar:    8  "
"1","
"
"1","                  "
"1","
"
"1","
"
"1","[[8]]
"
"1",""
"1","       X        "
"1","
"
"1"," Min.   :  189  "
"1","
"
"1"," 1st Qu.:19339  "
"1","
"
"1"," Median :39740  "
"1","
"
"1"," Mean   :40956  "
"1","
"
"1"," 3rd Qu.:60652  "
"1","
"
"1"," Max.   :83895  "
"1","
"
"1",""
"1","     Axis1       "
"1","
"
"1"," Min.   :  0.00  "
"1","
"
"1"," 1st Qu.:  0.00  "
"1","
"
"1"," Median :  0.00  "
"1","
"
"1"," Mean   : 15.19  "
"1","
"
"1"," 3rd Qu.: 11.00  "
"1","
"
"1"," Max.   :485.00  "
"1","
"
"1",""
"1","     Axis2       "
"1","
"
"1"," Min.   :  0.00  "
"1","
"
"1"," 1st Qu.:  0.00  "
"1","
"
"1"," Median :  0.00  "
"1","
"
"1"," Mean   : 16.03  "
"1","
"
"1"," 3rd Qu.:  5.00  "
"1","
"
"1"," Max.   :498.00  "
"1","
"
"1",""
"1","     Axis3       "
"1","
"
"1"," Min.   :  0.00  "
"1","
"
"1"," 1st Qu.:  0.00  "
"1","
"
"1"," Median :  0.00  "
"1","
"
"1"," Mean   : 16.85  "
"1","
"
"1"," 3rd Qu.: 13.00  "
"1","
"
"1"," Max.   :447.00  "
"1","
"
"1",""
"1","     Steps       "
"1","
"
"1"," Min.   :0.0000  "
"1","
"
"1"," 1st Qu.:0.0000  "
"1","
"
"1"," Median :0.0000  "
"1","
"
"1"," Mean   :0.2621  "
"1","
"
"1"," 3rd Qu.:0.0000  "
"1","
"
"1"," Max.   :4.0000  "
"1","
"
"1",""
"1","       HR     "
"1","
"
"1"," Min.   : 23  "
"1","
"
"1"," 1st Qu.: 62  "
"1","
"
"1"," Median : 71  "
"1","
"
"1"," Mean   : 72  "
"1","
"
"1"," 3rd Qu.: 79  "
"1","
"
"1"," Max.   :214  "
"1","
"
"1",""
"1"," Inclinometer.Off"
"1","
"
"1"," Min.   :0.0000  "
"1","
"
"1"," 1st Qu.:0.0000  "
"1","
"
"1"," Median :0.0000  "
"1","
"
"1"," Mean   :0.2322  "
"1","
"
"1"," 3rd Qu.:0.0000  "
"1","
"
"1"," Max.   :1.0000  "
"1","
"
"1",""
"1"," Inclinometer.Standing"
"1","
"
"1"," Min.   :0.0000       "
"1","
"
"1"," 1st Qu.:0.0000       "
"1","
"
"1"," Median :0.0000       "
"1","
"
"1"," Mean   :0.3106       "
"1","
"
"1"," 3rd Qu.:1.0000       "
"1","
"
"1"," Max.   :1.0000       "
"1","
"
"1",""
"1"," Inclinometer.Sitting"
"1","
"
"1"," Min.   :0.0000      "
"1","
"
"1"," 1st Qu.:0.0000      "
"1","
"
"1"," Median :0.0000      "
"1","
"
"1"," Mean   :0.2957      "
"1","
"
"1"," 3rd Qu.:1.0000      "
"1","
"
"1"," Max.   :1.0000      "
"1","
"
"1",""
"1"," Inclinometer.Lying"
"1","
"
"1"," Min.   :0.0000    "
"1","
"
"1"," 1st Qu.:0.0000    "
"1","
"
"1"," Median :0.0000    "
"1","
"
"1"," Mean   :0.1615    "
"1","
"
"1"," 3rd Qu.:0.0000    "
"1","
"
"1"," Max.   :1.0000    "
"1","
"
"1",""
"1"," Vector.Magnitude"
"1","
"
"1"," Min.   :  0.00  "
"1","
"
"1"," 1st Qu.:  0.00  "
"1","
"
"1"," Median :  0.00  "
"1","
"
"1"," Mean   : 31.37  "
"1","
"
"1"," 3rd Qu.: 31.40  "
"1","
"
"1"," Max.   :632.00  "
"1","
"
"1",""
"1","      day         "
"1","
"
"1"," Min.   :-29.000  "
"1","
"
"1"," 1st Qu.:-29.000  "
"1","
"
"1"," Median :  1.000  "
"1","
"
"1"," Mean   : -9.896  "
"1","
"
"1"," 3rd Qu.:  1.000  "
"1","
"
"1"," Max.   :  1.000  "
"1","
"
"1",""
"1","        time      "
"1","
"
"1"," Length   :61678  "
"1","
"
"1"," N.unique :61678  "
"1","
"
"1"," N.blank  :    0  "
"1","
"
"1"," Min.nchar:    8  "
"1","
"
"1"," Max.nchar:    8  "
"1","
"
"1","                  "
"1","
"
"1","
"
"1","[[9]]
"
"1",""
"1","       X        "
"1","
"
"1"," Min.   :  221  "
"1","
"
"1"," 1st Qu.:19959  "
"1","
"
"1"," Median :41351  "
"1","
"
"1"," Mean   :40873  "
"1","
"
"1"," 3rd Qu.:61395  "
"1","
"
"1"," Max.   :84093  "
"1","
"
"1",""
"1","     Axis1       "
"1","
"
"1"," Min.   :  0.00  "
"1","
"
"1"," 1st Qu.:  0.00  "
"1","
"
"1"," Median :  0.00  "
"1","
"
"1"," Mean   : 16.97  "
"1","
"
"1"," 3rd Qu.:  0.00  "
"1","
"
"1"," Max.   :669.00  "
"1","
"
"1",""
"1","     Axis2       "
"1","
"
"1"," Min.   :  0.00  "
"1","
"
"1"," 1st Qu.:  0.00  "
"1","
"
"1"," Median :  0.00  "
"1","
"
"1"," Mean   : 20.16  "
"1","
"
"1"," 3rd Qu.:  0.00  "
"1","
"
"1"," Max.   :797.00  "
"1","
"
"1",""
"1","     Axis3       "
"1","
"
"1"," Min.   :  0.00  "
"1","
"
"1"," 1st Qu.:  0.00  "
"1","
"
"1"," Median :  0.00  "
"1","
"
"1"," Mean   : 14.52  "
"1","
"
"1"," 3rd Qu.:  0.00  "
"1","
"
"1"," Max.   :551.00  "
"1","
"
"1",""
"1","     Steps       "
"1","
"
"1"," Min.   :0.0000  "
"1","
"
"1"," 1st Qu.:0.0000  "
"1","
"
"1"," Median :0.0000  "
"1","
"
"1"," Mean   :0.1643  "
"1","
"
"1"," 3rd Qu.:0.0000  "
"1","
"
"1"," Max.   :4.0000  "
"1","
"
"1",""
"1","       HR        "
"1","
"
"1"," Min.   :  3.00  "
"1","
"
"1"," 1st Qu.: 59.00  "
"1","
"
"1"," Median : 64.00  "
"1","
"
"1"," Mean   : 73.37  "
"1","
"
"1"," 3rd Qu.: 77.00  "
"1","
"
"1"," Max.   :207.00  "
"1","
"
"1",""
"1"," Inclinometer.Off"
"1","
"
"1"," Min.   :0.0000  "
"1","
"
"1"," 1st Qu.:0.0000  "
"1","
"
"1"," Median :0.0000  "
"1","
"
"1"," Mean   :0.4136  "
"1","
"
"1"," 3rd Qu.:1.0000  "
"1","
"
"1"," Max.   :1.0000  "
"1","
"
"1",""
"1"," Inclinometer.Standing"
"1","
"
"1"," Min.   :0.0000       "
"1","
"
"1"," 1st Qu.:0.0000       "
"1","
"
"1"," Median :0.0000       "
"1","
"
"1"," Mean   :0.2629       "
"1","
"
"1"," 3rd Qu.:1.0000       "
"1","
"
"1"," Max.   :1.0000       "
"1","
"
"1",""
"1"," Inclinometer.Sitting"
"1","
"
"1"," Min.   :0.0000      "
"1","
"
"1"," 1st Qu.:0.0000      "
"1","
"
"1"," Median :0.0000      "
"1","
"
"1"," Mean   :0.2548      "
"1","
"
"1"," 3rd Qu.:1.0000      "
"1","
"
"1"," Max.   :1.0000      "
"1","
"
"1",""
"1"," Inclinometer.Lying"
"1","
"
"1"," Min.   :0.00000   "
"1","
"
"1"," 1st Qu.:0.00000   "
"1","
"
"1"," Median :0.00000   "
"1","
"
"1"," Mean   :0.06867   "
"1","
"
"1"," 3rd Qu.:0.00000   "
"1","
"
"1"," Max.   :1.00000   "
"1","
"
"1",""
"1"," Vector.Magnitude "
"1","
"
"1"," Min.   :   0.00  "
"1","
"
"1"," 1st Qu.:   0.00  "
"1","
"
"1"," Median :   0.00  "
"1","
"
"1"," Mean   :  33.76  "
"1","
"
"1"," 3rd Qu.:   6.00  "
"1","
"
"1"," Max.   :1016.21  "
"1","
"
"1",""
"1","      day        "
"1","
"
"1"," Min.   :-29.00  "
"1","
"
"1"," 1st Qu.:-29.00  "
"1","
"
"1"," Median :  1.00  "
"1","
"
"1"," Mean   :-10.71  "
"1","
"
"1"," 3rd Qu.:  1.00  "
"1","
"
"1"," Max.   :  1.00  "
"1","
"
"1",""
"1","        time      "
"1","
"
"1"," Length   :64121  "
"1","
"
"1"," N.unique :64121  "
"1","
"
"1"," N.blank  :    0  "
"1","
"
"1"," Min.nchar:    8  "
"1","
"
"1"," Max.nchar:    8  "
"1","
"
"1","                  "
"1","
"
"1","
"
"1","[[10]]
"
"1",""
"1","       X        "
"1","
"
"1"," Min.   :  250  "
"1","
"
"1"," 1st Qu.:18755  "
"1","
"
"1"," Median :36712  "
"1","
"
"1"," Mean   :37108  "
"1","
"
"1"," 3rd Qu.:54679  "
"1","
"
"1"," Max.   :87588  "
"1","
"
"1",""
"1","     Axis1       "
"1","
"
"1"," Min.   :  0.00  "
"1","
"
"1"," 1st Qu.:  0.00  "
"1","
"
"1"," Median :  0.00  "
"1","
"
"1"," Mean   : 20.64  "
"1","
"
"1"," 3rd Qu.: 29.00  "
"1","
"
"1"," Max.   :470.00  "
"1","
"
"1",""
"1","     Axis2       "
"1","
"
"1"," Min.   :  0.00  "
"1","
"
"1"," 1st Qu.:  0.00  "
"1","
"
"1"," Median :  0.00  "
"1","
"
"1"," Mean   : 23.64  "
"1","
"
"1"," 3rd Qu.: 31.00  "
"1","
"
"1"," Max.   :458.00  "
"1","
"
"1",""
"1","     Axis3       "
"1","
"
"1"," Min.   :  0.00  "
"1","
"
"1"," 1st Qu.:  0.00  "
"1","
"
"1"," Median :  0.00  "
"1","
"
"1"," Mean   : 26.51  "
"1","
"
"1"," 3rd Qu.: 39.00  "
"1","
"
"1"," Max.   :425.00  "
"1","
"
"1",""
"1","     Steps       "
"1","
"
"1"," Min.   :0.0000  "
"1","
"
"1"," 1st Qu.:0.0000  "
"1","
"
"1"," Median :0.0000  "
"1","
"
"1"," Mean   :0.2412  "
"1","
"
"1"," 3rd Qu.:0.0000  "
"1","
"
"1"," Max.   :3.0000  "
"1","
"
"1",""
"1","       HR       "
"1","
"
"1"," Min.   :  8.0  "
"1","
"
"1"," 1st Qu.: 66.0  "
"1","
"
"1"," Median : 72.0  "
"1","
"
"1"," Mean   : 73.5  "
"1","
"
"1"," 3rd Qu.: 80.0  "
"1","
"
"1"," Max.   :218.0  "
"1","
"
"1",""
"1"," Inclinometer.Off"
"1","
"
"1"," Min.   :0.0000  "
"1","
"
"1"," 1st Qu.:0.0000  "
"1","
"
"1"," Median :0.0000  "
"1","
"
"1"," Mean   :0.1469  "
"1","
"
"1"," 3rd Qu.:0.0000  "
"1","
"
"1"," Max.   :1.0000  "
"1","
"
"1",""
"1"," Inclinometer.Standing"
"1","
"
"1"," Min.   :0.000        "
"1","
"
"1"," 1st Qu.:0.000        "
"1","
"
"1"," Median :0.000        "
"1","
"
"1"," Mean   :0.406        "
"1","
"
"1"," 3rd Qu.:1.000        "
"1","
"
"1"," Max.   :1.000        "
"1","
"
"1",""
"1"," Inclinometer.Sitting"
"1","
"
"1"," Min.   :0.0000      "
"1","
"
"1"," 1st Qu.:0.0000      "
"1","
"
"1"," Median :0.0000      "
"1","
"
"1"," Mean   :0.3041      "
"1","
"
"1"," 3rd Qu.:1.0000      "
"1","
"
"1"," Max.   :1.0000      "
"1","
"
"1",""
"1"," Inclinometer.Lying"
"1","
"
"1"," Min.   :0.0000    "
"1","
"
"1"," 1st Qu.:0.0000    "
"1","
"
"1"," Median :0.0000    "
"1","
"
"1"," Mean   :0.1429    "
"1","
"
"1"," 3rd Qu.:0.0000    "
"1","
"
"1"," Max.   :1.0000    "
"1","
"
"1",""
"1"," Vector.Magnitude"
"1","
"
"1"," Min.   :  0.00  "
"1","
"
"1"," 1st Qu.:  0.00  "
"1","
"
"1"," Median :  0.00  "
"1","
"
"1"," Mean   : 46.57  "
"1","
"
"1"," 3rd Qu.: 79.31  "
"1","
"
"1"," Max.   :555.30  "
"1","
"
"1",""
"1","      day      "
"1","
"
"1"," Min.   :1.00  "
"1","
"
"1"," 1st Qu.:1.00  "
"1","
"
"1"," Median :1.00  "
"1","
"
"1"," Mean   :1.26  "
"1","
"
"1"," 3rd Qu.:2.00  "
"1","
"
"1"," Max.   :2.00  "
"1","
"
"1",""
"1","        time      "
"1","
"
"1"," Length   :58616  "
"1","
"
"1"," N.unique :58523  "
"1","
"
"1"," N.blank  :    0  "
"1","
"
"1"," Min.nchar:    8  "
"1","
"
"1"," Max.nchar:    8  "
"1","
"
"1","                  "
"1","
"
"1","
"
"1","[[11]]
"
"1",""
"1","       X        "
"1","
"
"1"," Min.   :   39  "
"1","
"
"1"," 1st Qu.:21204  "
"1","
"
"1"," Median :44446  "
"1","
"
"1"," Mean   :43742  "
"1","
"
"1"," 3rd Qu.:65480  "
"1","
"
"1"," Max.   :87089  "
"1","
"
"1",""
"1","     Axis1       "
"1","
"
"1"," Min.   :  0.00  "
"1","
"
"1"," 1st Qu.:  0.00  "
"1","
"
"1"," Median :  0.00  "
"1","
"
"1"," Mean   : 24.69  "
"1","
"
"1"," 3rd Qu.: 38.00  "
"1","
"
"1"," Max.   :486.00  "
"1","
"
"1",""
"1","     Axis2       "
"1","
"
"1"," Min.   :  0.00  "
"1","
"
"1"," 1st Qu.:  0.00  "
"1","
"
"1"," Median :  0.00  "
"1","
"
"1"," Mean   : 27.24  "
"1","
"
"1"," 3rd Qu.: 44.00  "
"1","
"
"1"," Max.   :577.00  "
"1","
"
"1",""
"1","     Axis3       "
"1","
"
"1"," Min.   :  0.00  "
"1","
"
"1"," 1st Qu.:  0.00  "
"1","
"
"1"," Median :  0.00  "
"1","
"
"1"," Mean   : 29.02  "
"1","
"
"1"," 3rd Qu.: 43.00  "
"1","
"
"1"," Max.   :461.00  "
"1","
"
"1",""
"1","     Steps       "
"1","
"
"1"," Min.   :0.0000  "
"1","
"
"1"," 1st Qu.:0.0000  "
"1","
"
"1"," Median :0.0000  "
"1","
"
"1"," Mean   :0.2879  "
"1","
"
"1"," 3rd Qu.:1.0000  "
"1","
"
"1"," Max.   :3.0000  "
"1","
"
"1",""
"1","       HR        "
"1","
"
"1"," Min.   : 16.00  "
"1","
"
"1"," 1st Qu.: 61.00  "
"1","
"
"1"," Median : 70.00  "
"1","
"
"1"," Mean   : 70.39  "
"1","
"
"1"," 3rd Qu.: 78.00  "
"1","
"
"1"," Max.   :213.00  "
"1","
"
"1",""
"1"," Inclinometer.Off"
"1","
"
"1"," Min.   :0.0000  "
"1","
"
"1"," 1st Qu.:0.0000  "
"1","
"
"1"," Median :0.0000  "
"1","
"
"1"," Mean   :0.1882  "
"1","
"
"1"," 3rd Qu.:0.0000  "
"1","
"
"1"," Max.   :1.0000  "
"1","
"
"1",""
"1"," Inclinometer.Standing"
"1","
"
"1"," Min.   :0.000        "
"1","
"
"1"," 1st Qu.:0.000        "
"1","
"
"1"," Median :0.000        "
"1","
"
"1"," Mean   :0.463        "
"1","
"
"1"," 3rd Qu.:1.000        "
"1","
"
"1"," Max.   :1.000        "
"1","
"
"1",""
"1"," Inclinometer.Sitting"
"1","
"
"1"," Min.   :0.0000      "
"1","
"
"1"," 1st Qu.:0.0000      "
"1","
"
"1"," Median :0.0000      "
"1","
"
"1"," Mean   :0.2422      "
"1","
"
"1"," 3rd Qu.:0.0000      "
"1","
"
"1"," Max.   :1.0000      "
"1","
"
"1",""
"1"," Inclinometer.Lying"
"1","
"
"1"," Min.   :0.0000    "
"1","
"
"1"," 1st Qu.:0.0000    "
"1","
"
"1"," Median :0.0000    "
"1","
"
"1"," Mean   :0.1066    "
"1","
"
"1"," 3rd Qu.:0.0000    "
"1","
"
"1"," Max.   :1.0000    "
"1","
"
"1",""
"1"," Vector.Magnitude"
"1","
"
"1"," Min.   :  0.00  "
"1","
"
"1"," 1st Qu.:  0.00  "
"1","
"
"1"," Median :  3.61  "
"1","
"
"1"," Mean   : 52.38  "
"1","
"
"1"," 3rd Qu.: 90.49  "
"1","
"
"1"," Max.   :610.95  "
"1","
"
"1",""
"1","      day       "
"1","
"
"1"," Min.   :1.000  "
"1","
"
"1"," 1st Qu.:1.000  "
"1","
"
"1"," Median :1.000  "
"1","
"
"1"," Mean   :1.399  "
"1","
"
"1"," 3rd Qu.:2.000  "
"1","
"
"1"," Max.   :2.000  "
"1","
"
"1",""
"1","        time      "
"1","
"
"1"," Length   :68362  "
"1","
"
"1"," N.unique :67960  "
"1","
"
"1"," N.blank  :    0  "
"1","
"
"1"," Min.nchar:    8  "
"1","
"
"1"," Max.nchar:    8  "
"1","
"
"1","                  "
"1","
"
"1","
"
"1","[[12]]
"
"1",""
"1","       X        "
"1","
"
"1"," Min.   :  129  "
"1","
"
"1"," 1st Qu.:21292  "
"1","
"
"1"," Median :42549  "
"1","
"
"1"," Mean   :42576  "
"1","
"
"1"," 3rd Qu.:63686  "
"1","
"
"1"," Max.   :85987  "
"1","
"
"1",""
"1","     Axis1       "
"1","
"
"1"," Min.   :  0.00  "
"1","
"
"1"," 1st Qu.:  0.00  "
"1","
"
"1"," Median :  0.00  "
"1","
"
"1"," Mean   : 17.87  "
"1","
"
"1"," 3rd Qu.: 15.00  "
"1","
"
"1"," Max.   :626.00  "
"1","
"
"1",""
"1","     Axis2       "
"1","
"
"1"," Min.   :  0.00  "
"1","
"
"1"," 1st Qu.:  0.00  "
"1","
"
"1"," Median :  0.00  "
"1","
"
"1"," Mean   : 17.25  "
"1","
"
"1"," 3rd Qu.:  5.00  "
"1","
"
"1"," Max.   :559.00  "
"1","
"
"1",""
"1","     Axis3       "
"1","
"
"1"," Min.   :  0.00  "
"1","
"
"1"," 1st Qu.:  0.00  "
"1","
"
"1"," Median :  0.00  "
"1","
"
"1"," Mean   : 19.62  "
"1","
"
"1"," 3rd Qu.: 18.00  "
"1","
"
"1"," Max.   :604.00  "
"1","
"
"1",""
"1","     Steps      "
"1","
"
"1"," Min.   :0.000  "
"1","
"
"1"," 1st Qu.:0.000  "
"1","
"
"1"," Median :0.000  "
"1","
"
"1"," Mean   :0.196  "
"1","
"
"1"," 3rd Qu.:0.000  "
"1","
"
"1"," Max.   :4.000  "
"1","
"
"1",""
"1","       HR        "
"1","
"
"1"," Min.   : 49.00  "
"1","
"
"1"," 1st Qu.: 61.00  "
"1","
"
"1"," Median : 73.00  "
"1","
"
"1"," Mean   : 73.87  "
"1","
"
"1"," 3rd Qu.: 81.00  "
"1","
"
"1"," Max.   :166.00  "
"1","
"
"1",""
"1"," Inclinometer.Off"
"1","
"
"1"," Min.   :0.0000  "
"1","
"
"1"," 1st Qu.:0.0000  "
"1","
"
"1"," Median :0.0000  "
"1","
"
"1"," Mean   :0.2823  "
"1","
"
"1"," 3rd Qu.:1.0000  "
"1","
"
"1"," Max.   :1.0000  "
"1","
"
"1",""
"1"," Inclinometer.Standing"
"1","
"
"1"," Min.   :0.0000       "
"1","
"
"1"," 1st Qu.:0.0000       "
"1","
"
"1"," Median :0.0000       "
"1","
"
"1"," Mean   :0.3089       "
"1","
"
"1"," 3rd Qu.:1.0000       "
"1","
"
"1"," Max.   :1.0000       "
"1","
"
"1",""
"1"," Inclinometer.Sitting"
"1","
"
"1"," Min.   :0.000       "
"1","
"
"1"," 1st Qu.:0.000       "
"1","
"
"1"," Median :0.000       "
"1","
"
"1"," Mean   :0.264       "
"1","
"
"1"," 3rd Qu.:1.000       "
"1","
"
"1"," Max.   :1.000       "
"1","
"
"1",""
"1"," Inclinometer.Lying"
"1","
"
"1"," Min.   :0.0000    "
"1","
"
"1"," 1st Qu.:0.0000    "
"1","
"
"1"," Median :0.0000    "
"1","
"
"1"," Mean   :0.1448    "
"1","
"
"1"," 3rd Qu.:0.0000    "
"1","
"
"1"," Max.   :1.0000    "
"1","
"
"1",""
"1"," Vector.Magnitude"
"1","
"
"1"," Min.   :  0.00  "
"1","
"
"1"," 1st Qu.:  0.00  "
"1","
"
"1"," Median :  0.00  "
"1","
"
"1"," Mean   : 35.75  "
"1","
"
"1"," 3rd Qu.: 40.10  "
"1","
"
"1"," Max.   :645.80  "
"1","
"
"1",""
"1","      day       "
"1","
"
"1"," Min.   :1.000  "
"1","
"
"1"," 1st Qu.:1.000  "
"1","
"
"1"," Median :1.000  "
"1","
"
"1"," Mean   :1.382  "
"1","
"
"1"," 3rd Qu.:2.000  "
"1","
"
"1"," Max.   :2.000  "
"1","
"
"1",""
"1","        time      "
"1","
"
"1"," Length   :68739  "
"1","
"
"1"," N.unique :68739  "
"1","
"
"1"," N.blank  :    0  "
"1","
"
"1"," Min.nchar:    8  "
"1","
"
"1"," Max.nchar:    8  "
"1","
"
"1","                  "
"1","
"
"1","
"
"1","[[13]]
"
"1",""
"1","       X        "
"1","
"
"1"," Min.   :    8  "
"1","
"
"1"," 1st Qu.:20875  "
"1","
"
"1"," Median :41744  "
"1","
"
"1"," Mean   :42088  "
"1","
"
"1"," 3rd Qu.:63503  "
"1","
"
"1"," Max.   :84212  "
"1","
"
"1",""
"1","     Axis1       "
"1","
"
"1"," Min.   :  0.00  "
"1","
"
"1"," 1st Qu.:  0.00  "
"1","
"
"1"," Median :  0.00  "
"1","
"
"1"," Mean   : 13.58  "
"1","
"
"1"," 3rd Qu.:  9.00  "
"1","
"
"1"," Max.   :426.00  "
"1","
"
"1",""
"1","     Axis2       "
"1","
"
"1"," Min.   :  0.00  "
"1","
"
"1"," 1st Qu.:  0.00  "
"1","
"
"1"," Median :  0.00  "
"1","
"
"1"," Mean   : 15.46  "
"1","
"
"1"," 3rd Qu.:  6.00  "
"1","
"
"1"," Max.   :463.00  "
"1","
"
"1",""
"1","     Axis3       "
"1","
"
"1"," Min.   :  0.00  "
"1","
"
"1"," 1st Qu.:  0.00  "
"1","
"
"1"," Median :  0.00  "
"1","
"
"1"," Mean   : 16.21  "
"1","
"
"1"," 3rd Qu.: 15.00  "
"1","
"
"1"," Max.   :343.00  "
"1","
"
"1",""
"1","     Steps       "
"1","
"
"1"," Min.   :0.0000  "
"1","
"
"1"," 1st Qu.:0.0000  "
"1","
"
"1"," Median :0.0000  "
"1","
"
"1"," Mean   :0.1569  "
"1","
"
"1"," 3rd Qu.:0.0000  "
"1","
"
"1"," Max.   :3.0000  "
"1","
"
"1",""
"1","       HR        "
"1","
"
"1"," Min.   : 15.00  "
"1","
"
"1"," 1st Qu.: 61.00  "
"1","
"
"1"," Median : 75.00  "
"1","
"
"1"," Mean   : 75.39  "
"1","
"
"1"," 3rd Qu.: 87.00  "
"1","
"
"1"," Max.   :145.00  "
"1","
"
"1",""
"1"," Inclinometer.Off"
"1","
"
"1"," Min.   :0.0000  "
"1","
"
"1"," 1st Qu.:0.0000  "
"1","
"
"1"," Median :0.0000  "
"1","
"
"1"," Mean   :0.2087  "
"1","
"
"1"," 3rd Qu.:0.0000  "
"1","
"
"1"," Max.   :1.0000  "
"1","
"
"1",""
"1"," Inclinometer.Standing"
"1","
"
"1"," Min.   :0.0000       "
"1","
"
"1"," 1st Qu.:0.0000       "
"1","
"
"1"," Median :0.0000       "
"1","
"
"1"," Mean   :0.3286       "
"1","
"
"1"," 3rd Qu.:1.0000       "
"1","
"
"1"," Max.   :1.0000       "
"1","
"
"1",""
"1"," Inclinometer.Sitting"
"1","
"
"1"," Min.   :0.0000      "
"1","
"
"1"," 1st Qu.:0.0000      "
"1","
"
"1"," Median :0.0000      "
"1","
"
"1"," Mean   :0.3357      "
"1","
"
"1"," 3rd Qu.:1.0000      "
"1","
"
"1"," Max.   :1.0000      "
"1","
"
"1",""
"1"," Inclinometer.Lying"
"1","
"
"1"," Min.   :0.0000    "
"1","
"
"1"," 1st Qu.:0.0000    "
"1","
"
"1"," Median :0.0000    "
"1","
"
"1"," Mean   :0.1271    "
"1","
"
"1"," 3rd Qu.:0.0000    "
"1","
"
"1"," Max.   :1.0000    "
"1","
"
"1",""
"1"," Vector.Magnitude"
"1","
"
"1"," Min.   :  0.00  "
"1","
"
"1"," 1st Qu.:  0.00  "
"1","
"
"1"," Median :  0.00  "
"1","
"
"1"," Mean   : 29.94  "
"1","
"
"1"," 3rd Qu.: 36.01  "
"1","
"
"1"," Max.   :482.58  "
"1","
"
"1",""
"1","      day       "
"1","
"
"1"," Min.   :1.000  "
"1","
"
"1"," 1st Qu.:1.000  "
"1","
"
"1"," Median :1.000  "
"1","
"
"1"," Mean   :1.381  "
"1","
"
"1"," 3rd Qu.:2.000  "
"1","
"
"1"," Max.   :2.000  "
"1","
"
"1",""
"1","        time      "
"1","
"
"1"," Length   :67350  "
"1","
"
"1"," N.unique :67350  "
"1","
"
"1"," N.blank  :    0  "
"1","
"
"1"," Min.nchar:    8  "
"1","
"
"1"," Max.nchar:    8  "
"1","
"
"1","                  "
"1","
"
"1","
"
"1","[[14]]
"
"1",""
"1","       X        "
"1","
"
"1"," Min.   :  129  "
"1","
"
"1"," 1st Qu.:20994  "
"1","
"
"1"," Median :41885  "
"1","
"
"1"," Mean   :42376  "
"1","
"
"1"," 3rd Qu.:64436  "
"1","
"
"1"," Max.   :85331  "
"1","
"
"1",""
"1","     Axis1       "
"1","
"
"1"," Min.   :  0.00  "
"1","
"
"1"," 1st Qu.:  0.00  "
"1","
"
"1"," Median :  0.00  "
"1","
"
"1"," Mean   : 13.16  "
"1","
"
"1"," 3rd Qu.:  4.00  "
"1","
"
"1"," Max.   :493.00  "
"1","
"
"1",""
"1","     Axis2       "
"1","
"
"1"," Min.   :  0.00  "
"1","
"
"1"," 1st Qu.:  0.00  "
"1","
"
"1"," Median :  0.00  "
"1","
"
"1"," Mean   : 11.79  "
"1","
"
"1"," 3rd Qu.:  0.00  "
"1","
"
"1"," Max.   :620.00  "
"1","
"
"1",""
"1","     Axis3       "
"1","
"
"1"," Min.   :  0.00  "
"1","
"
"1"," 1st Qu.:  0.00  "
"1","
"
"1"," Median :  0.00  "
"1","
"
"1"," Mean   : 13.27  "
"1","
"
"1"," 3rd Qu.:  5.00  "
"1","
"
"1"," Max.   :401.00  "
"1","
"
"1",""
"1","     Steps       "
"1","
"
"1"," Min.   :0.0000  "
"1","
"
"1"," 1st Qu.:0.0000  "
"1","
"
"1"," Median :0.0000  "
"1","
"
"1"," Mean   :0.1222  "
"1","
"
"1"," 3rd Qu.:0.0000  "
"1","
"
"1"," Max.   :3.0000  "
"1","
"
"1",""
"1","       HR        "
"1","
"
"1"," Min.   : 47.00  "
"1","
"
"1"," 1st Qu.: 62.00  "
"1","
"
"1"," Median : 70.00  "
"1","
"
"1"," Mean   : 72.17  "
"1","
"
"1"," 3rd Qu.: 78.00  "
"1","
"
"1"," Max.   :207.00  "
"1","
"
"1",""
"1"," Inclinometer.Off"
"1","
"
"1"," Min.   :0.0000  "
"1","
"
"1"," 1st Qu.:0.0000  "
"1","
"
"1"," Median :0.0000  "
"1","
"
"1"," Mean   :0.2928  "
"1","
"
"1"," 3rd Qu.:1.0000  "
"1","
"
"1"," Max.   :1.0000  "
"1","
"
"1",""
"1"," Inclinometer.Standing"
"1","
"
"1"," Min.   :0.0000       "
"1","
"
"1"," 1st Qu.:0.0000       "
"1","
"
"1"," Median :0.0000       "
"1","
"
"1"," Mean   :0.2581       "
"1","
"
"1"," 3rd Qu.:1.0000       "
"1","
"
"1"," Max.   :1.0000       "
"1","
"
"1",""
"1"," Inclinometer.Sitting"
"1","
"
"1"," Min.   :0.0000      "
"1","
"
"1"," 1st Qu.:0.0000      "
"1","
"
"1"," Median :0.0000      "
"1","
"
"1"," Mean   :0.2526      "
"1","
"
"1"," 3rd Qu.:1.0000      "
"1","
"
"1"," Max.   :1.0000      "
"1","
"
"1",""
"1"," Inclinometer.Lying"
"1","
"
"1"," Min.   :0.0000    "
"1","
"
"1"," 1st Qu.:0.0000    "
"1","
"
"1"," Median :0.0000    "
"1","
"
"1"," Mean   :0.1966    "
"1","
"
"1"," 3rd Qu.:0.0000    "
"1","
"
"1"," Max.   :1.0000    "
"1","
"
"1",""
"1"," Vector.Magnitude"
"1","
"
"1"," Min.   :  0.00  "
"1","
"
"1"," 1st Qu.:  0.00  "
"1","
"
"1"," Median :  0.00  "
"1","
"
"1"," Mean   : 25.39  "
"1","
"
"1"," 3rd Qu.: 18.87  "
"1","
"
"1"," Max.   :732.02  "
"1","
"
"1",""
"1","      day       "
"1","
"
"1"," Min.   :1.000  "
"1","
"
"1"," 1st Qu.:1.000  "
"1","
"
"1"," Median :1.000  "
"1","
"
"1"," Mean   :1.361  "
"1","
"
"1"," 3rd Qu.:2.000  "
"1","
"
"1"," Max.   :2.000  "
"1","
"
"1",""
"1","        time      "
"1","
"
"1"," Length   :67995  "
"1","
"
"1"," N.unique :67995  "
"1","
"
"1"," N.blank  :    0  "
"1","
"
"1"," Min.nchar:    8  "
"1","
"
"1"," Max.nchar:    8  "
"1","
"
"1","                  "
"1","
"
"1","
"
"1","[[15]]
"
"1",""
"1","       X        "
"1","
"
"1"," Min.   :   28  "
"1","
"
"1"," 1st Qu.:21959  "
"1","
"
"1"," Median :44481  "
"1","
"
"1"," Mean   :44817  "
"1","
"
"1"," 3rd Qu.:67029  "
"1","
"
"1"," Max.   :91799  "
"1","
"
"1",""
"1","     Axis1       "
"1","
"
"1"," Min.   :  0.00  "
"1","
"
"1"," 1st Qu.:  0.00  "
"1","
"
"1"," Median :  0.00  "
"1","
"
"1"," Mean   : 20.28  "
"1","
"
"1"," 3rd Qu.: 27.00  "
"1","
"
"1"," Max.   :504.00  "
"1","
"
"1",""
"1","     Axis2       "
"1","
"
"1"," Min.   :  0.00  "
"1","
"
"1"," 1st Qu.:  0.00  "
"1","
"
"1"," Median :  0.00  "
"1","
"
"1"," Mean   : 21.77  "
"1","
"
"1"," 3rd Qu.: 27.00  "
"1","
"
"1"," Max.   :479.00  "
"1","
"
"1",""
"1","     Axis3       "
"1","
"
"1"," Min.   :  0.00  "
"1","
"
"1"," 1st Qu.:  0.00  "
"1","
"
"1"," Median :  0.00  "
"1","
"
"1"," Mean   : 20.73  "
"1","
"
"1"," 3rd Qu.: 26.00  "
"1","
"
"1"," Max.   :441.00  "
"1","
"
"1",""
"1","     Steps       "
"1","
"
"1"," Min.   :0.0000  "
"1","
"
"1"," 1st Qu.:0.0000  "
"1","
"
"1"," Median :0.0000  "
"1","
"
"1"," Mean   :0.2174  "
"1","
"
"1"," 3rd Qu.:0.0000  "
"1","
"
"1"," Max.   :3.0000  "
"1","
"
"1",""
"1","       HR        "
"1","
"
"1"," Min.   : 12.00  "
"1","
"
"1"," 1st Qu.: 70.00  "
"1","
"
"1"," Median : 89.00  "
"1","
"
"1"," Mean   : 91.46  "
"1","
"
"1"," 3rd Qu.:102.00  "
"1","
"
"1"," Max.   :240.00  "
"1","
"
"1",""
"1"," Inclinometer.Off"
"1","
"
"1"," Min.   :0.0000  "
"1","
"
"1"," 1st Qu.:0.0000  "
"1","
"
"1"," Median :0.0000  "
"1","
"
"1"," Mean   :0.1077  "
"1","
"
"1"," 3rd Qu.:0.0000  "
"1","
"
"1"," Max.   :1.0000  "
"1","
"
"1",""
"1"," Inclinometer.Standing"
"1","
"
"1"," Min.   :0.0000       "
"1","
"
"1"," 1st Qu.:0.0000       "
"1","
"
"1"," Median :0.0000       "
"1","
"
"1"," Mean   :0.4186       "
"1","
"
"1"," 3rd Qu.:1.0000       "
"1","
"
"1"," Max.   :1.0000       "
"1","
"
"1",""
"1"," Inclinometer.Sitting"
"1","
"
"1"," Min.   :0.0000      "
"1","
"
"1"," 1st Qu.:0.0000      "
"1","
"
"1"," Median :0.0000      "
"1","
"
"1"," Mean   :0.3121      "
"1","
"
"1"," 3rd Qu.:1.0000      "
"1","
"
"1"," Max.   :1.0000      "
"1","
"
"1",""
"1"," Inclinometer.Lying"
"1","
"
"1"," Min.   :0.0000    "
"1","
"
"1"," 1st Qu.:0.0000    "
"1","
"
"1"," Median :0.0000    "
"1","
"
"1"," Mean   :0.1616    "
"1","
"
"1"," 3rd Qu.:0.0000    "
"1","
"
"1"," Max.   :1.0000    "
"1","
"
"1",""
"1"," Vector.Magnitude"
"1","
"
"1"," Min.   :  0.00  "
"1","
"
"1"," 1st Qu.:  0.00  "
"1","
"
"1"," Median :  0.00  "
"1","
"
"1"," Mean   : 41.60  "
"1","
"
"1"," 3rd Qu.: 70.21  "
"1","
"
"1"," Max.   :544.20  "
"1","
"
"1",""
"1","      day       "
"1","
"
"1"," Min.   :1.000  "
"1","
"
"1"," 1st Qu.:1.000  "
"1","
"
"1"," Median :1.000  "
"1","
"
"1"," Mean   :1.418  "
"1","
"
"1"," 3rd Qu.:2.000  "
"1","
"
"1"," Max.   :2.000  "
"1","
"
"1",""
"1","        time      "
"1","
"
"1"," Length   :71045  "
"1","
"
"1"," N.unique :68315  "
"1","
"
"1"," N.blank  :    0  "
"1","
"
"1"," Min.nchar:    8  "
"1","
"
"1"," Max.nchar:    8  "
"1","
"
"1","                  "
"1","
"
"1","
"
"1","[[16]]
"
"1",""
"1","       X        "
"1","
"
"1"," Min.   :  218  "
"1","
"
"1"," 1st Qu.:21652  "
"1","
"
"1"," Median :43110  "
"1","
"
"1"," Mean   :43423  "
"1","
"
"1"," 3rd Qu.:65398  "
"1","
"
"1"," Max.   :92399  "
"1","
"
"1",""
"1","     Axis1       "
"1","
"
"1"," Min.   :  0.00  "
"1","
"
"1"," 1st Qu.:  0.00  "
"1","
"
"1"," Median :  0.00  "
"1","
"
"1"," Mean   : 15.61  "
"1","
"
"1"," 3rd Qu.: 11.00  "
"1","
"
"1"," Max.   :577.00  "
"1","
"
"1",""
"1","     Axis2       "
"1","
"
"1"," Min.   :  0.00  "
"1","
"
"1"," 1st Qu.:  0.00  "
"1","
"
"1"," Median :  0.00  "
"1","
"
"1"," Mean   : 15.08  "
"1","
"
"1"," 3rd Qu.:  9.00  "
"1","
"
"1"," Max.   :489.00  "
"1","
"
"1",""
"1","     Axis3       "
"1","
"
"1"," Min.   :  0.00  "
"1","
"
"1"," 1st Qu.:  0.00  "
"1","
"
"1"," Median :  0.00  "
"1","
"
"1"," Mean   : 20.69  "
"1","
"
"1"," 3rd Qu.: 21.00  "
"1","
"
"1"," Max.   :488.00  "
"1","
"
"1",""
"1","     Steps      "
"1","
"
"1"," Min.   :0.000  "
"1","
"
"1"," 1st Qu.:0.000  "
"1","
"
"1"," Median :0.000  "
"1","
"
"1"," Mean   :0.167  "
"1","
"
"1"," 3rd Qu.:0.000  "
"1","
"
"1"," Max.   :3.000  "
"1","
"
"1",""
"1","       HR        "
"1","
"
"1"," Min.   : 10.00  "
"1","
"
"1"," 1st Qu.: 55.00  "
"1","
"
"1"," Median : 71.00  "
"1","
"
"1"," Mean   : 69.79  "
"1","
"
"1"," 3rd Qu.: 80.00  "
"1","
"
"1"," Max.   :224.00  "
"1","
"
"1",""
"1"," Inclinometer.Off"
"1","
"
"1"," Min.   :0.0000  "
"1","
"
"1"," 1st Qu.:0.0000  "
"1","
"
"1"," Median :0.0000  "
"1","
"
"1"," Mean   :0.2091  "
"1","
"
"1"," 3rd Qu.:0.0000  "
"1","
"
"1"," Max.   :1.0000  "
"1","
"
"1",""
"1"," Inclinometer.Standing"
"1","
"
"1"," Min.   :0.0000       "
"1","
"
"1"," 1st Qu.:0.0000       "
"1","
"
"1"," Median :0.0000       "
"1","
"
"1"," Mean   :0.3199       "
"1","
"
"1"," 3rd Qu.:1.0000       "
"1","
"
"1"," Max.   :1.0000       "
"1","
"
"1",""
"1"," Inclinometer.Sitting"
"1","
"
"1"," Min.   :0.0000      "
"1","
"
"1"," 1st Qu.:0.0000      "
"1","
"
"1"," Median :0.0000      "
"1","
"
"1"," Mean   :0.3445      "
"1","
"
"1"," 3rd Qu.:1.0000      "
"1","
"
"1"," Max.   :1.0000      "
"1","
"
"1",""
"1"," Inclinometer.Lying"
"1","
"
"1"," Min.   :0.0000    "
"1","
"
"1"," 1st Qu.:0.0000    "
"1","
"
"1"," Median :0.0000    "
"1","
"
"1"," Mean   :0.1265    "
"1","
"
"1"," 3rd Qu.:0.0000    "
"1","
"
"1"," Max.   :1.0000    "
"1","
"
"1",""
"1"," Vector.Magnitude"
"1","
"
"1"," Min.   :  0.00  "
"1","
"
"1"," 1st Qu.:  0.00  "
"1","
"
"1"," Median :  0.00  "
"1","
"
"1"," Mean   : 34.27  "
"1","
"
"1"," 3rd Qu.: 44.16  "
"1","
"
"1"," Max.   :686.15  "
"1","
"
"1",""
"1","      day       "
"1","
"
"1"," Min.   :1.000  "
"1","
"
"1"," 1st Qu.:1.000  "
"1","
"
"1"," Median :1.000  "
"1","
"
"1"," Mean   :1.385  "
"1","
"
"1"," 3rd Qu.:2.000  "
"1","
"
"1"," Max.   :2.000  "
"1","
"
"1",""
"1","        time      "
"1","
"
"1"," Length   :69850  "
"1","
"
"1"," N.unique :69687  "
"1","
"
"1"," N.blank  :    0  "
"1","
"
"1"," Min.nchar:    8  "
"1","
"
"1"," Max.nchar:    8  "
"1","
"
"1","                  "
"1","
"
"1","
"
"1","[[17]]
"
"1",""
"1","       X        "
"1","
"
"1"," Min.   :   10  "
"1","
"
"1"," 1st Qu.:21116  "
"1","
"
"1"," Median :42054  "
"1","
"
"1"," Mean   :42737  "
"1","
"
"1"," 3rd Qu.:64384  "
"1","
"
"1"," Max.   :91827  "
"1","
"
"1",""
"1","     Axis1      "
"1","
"
"1"," Min.   :  0.0  "
"1","
"
"1"," 1st Qu.:  0.0  "
"1","
"
"1"," Median :  0.0  "
"1","
"
"1"," Mean   : 15.7  "
"1","
"
"1"," 3rd Qu.: 14.0  "
"1","
"
"1"," Max.   :451.0  "
"1","
"
"1",""
"1","     Axis2       "
"1","
"
"1"," Min.   :  0.00  "
"1","
"
"1"," 1st Qu.:  0.00  "
"1","
"
"1"," Median :  0.00  "
"1","
"
"1"," Mean   : 17.09  "
"1","
"
"1"," 3rd Qu.: 13.00  "
"1","
"
"1"," Max.   :539.00  "
"1","
"
"1",""
"1","     Axis3       "
"1","
"
"1"," Min.   :  0.00  "
"1","
"
"1"," 1st Qu.:  0.00  "
"1","
"
"1"," Median :  0.00  "
"1","
"
"1"," Mean   : 19.39  "
"1","
"
"1"," 3rd Qu.: 17.00  "
"1","
"
"1"," Max.   :919.00  "
"1","
"
"1",""
"1","     Steps       "
"1","
"
"1"," Min.   :0.0000  "
"1","
"
"1"," 1st Qu.:0.0000  "
"1","
"
"1"," Median :0.0000  "
"1","
"
"1"," Mean   :0.1814  "
"1","
"
"1"," 3rd Qu.:0.0000  "
"1","
"
"1"," Max.   :4.0000  "
"1","
"
"1",""
"1","       HR        "
"1","
"
"1"," Min.   : 20.00  "
"1","
"
"1"," 1st Qu.: 68.00  "
"1","
"
"1"," Median : 87.00  "
"1","
"
"1"," Mean   : 85.87  "
"1","
"
"1"," 3rd Qu.: 99.00  "
"1","
"
"1"," Max.   :228.00  "
"1","
"
"1",""
"1"," Inclinometer.Off"
"1","
"
"1"," Min.   :0.0000  "
"1","
"
"1"," 1st Qu.:0.0000  "
"1","
"
"1"," Median :0.0000  "
"1","
"
"1"," Mean   :0.2039  "
"1","
"
"1"," 3rd Qu.:0.0000  "
"1","
"
"1"," Max.   :1.0000  "
"1","
"
"1",""
"1"," Inclinometer.Standing"
"1","
"
"1"," Min.   :0.000        "
"1","
"
"1"," 1st Qu.:0.000        "
"1","
"
"1"," Median :0.000        "
"1","
"
"1"," Mean   :0.343        "
"1","
"
"1"," 3rd Qu.:1.000        "
"1","
"
"1"," Max.   :1.000        "
"1","
"
"1",""
"1"," Inclinometer.Sitting"
"1","
"
"1"," Min.   :0.0000      "
"1","
"
"1"," 1st Qu.:0.0000      "
"1","
"
"1"," Median :0.0000      "
"1","
"
"1"," Mean   :0.3421      "
"1","
"
"1"," 3rd Qu.:1.0000      "
"1","
"
"1"," Max.   :1.0000      "
"1","
"
"1",""
"1"," Inclinometer.Lying"
"1","
"
"1"," Min.   :0.0000    "
"1","
"
"1"," 1st Qu.:0.0000    "
"1","
"
"1"," Median :0.0000    "
"1","
"
"1"," Mean   :0.1109    "
"1","
"
"1"," 3rd Qu.:0.0000    "
"1","
"
"1"," Max.   :1.0000    "
"1","
"
"1",""
"1"," Vector.Magnitude "
"1","
"
"1"," Min.   :   0.00  "
"1","
"
"1"," 1st Qu.:   0.00  "
"1","
"
"1"," Median :   0.00  "
"1","
"
"1"," Mean   :  34.48  "
"1","
"
"1"," 3rd Qu.:  45.72  "
"1","
"
"1"," Max.   :1017.89  "
"1","
"
"1",""
"1","      day       "
"1","
"
"1"," Min.   :1.000  "
"1","
"
"1"," 1st Qu.:1.000  "
"1","
"
"1"," Median :1.000  "
"1","
"
"1"," Mean   :1.393  "
"1","
"
"1"," 3rd Qu.:2.000  "
"1","
"
"1"," Max.   :2.000  "
"1","
"
"1",""
"1","        time      "
"1","
"
"1"," Length   :68351  "
"1","
"
"1"," N.unique :67984  "
"1","
"
"1"," N.blank  :    0  "
"1","
"
"1"," Min.nchar:    8  "
"1","
"
"1"," Max.nchar:    8  "
"1","
"
"1","                  "
"1","
"
"1","
"
"1","[[18]]
"
"1",""
"1","       X        "
"1","
"
"1"," Min.   :   90  "
"1","
"
"1"," 1st Qu.:20470  "
"1","
"
"1"," Median :41022  "
"1","
"
"1"," Mean   :42212  "
"1","
"
"1"," 3rd Qu.:63016  "
"1","
"
"1"," Max.   :86378  "
"1","
"
"1",""
"1","     Axis1       "
"1","
"
"1"," Min.   :  0.00  "
"1","
"
"1"," 1st Qu.:  0.00  "
"1","
"
"1"," Median :  0.00  "
"1","
"
"1"," Mean   : 12.51  "
"1","
"
"1"," 3rd Qu.:  4.00  "
"1","
"
"1"," Max.   :395.00  "
"1","
"
"1",""
"1","     Axis2       "
"1","
"
"1"," Min.   :  0.00  "
"1","
"
"1"," 1st Qu.:  0.00  "
"1","
"
"1"," Median :  0.00  "
"1","
"
"1"," Mean   : 10.52  "
"1","
"
"1"," 3rd Qu.:  0.00  "
"1","
"
"1"," Max.   :466.00  "
"1","
"
"1",""
"1","     Axis3       "
"1","
"
"1"," Min.   :  0.00  "
"1","
"
"1"," 1st Qu.:  0.00  "
"1","
"
"1"," Median :  0.00  "
"1","
"
"1"," Mean   : 13.85  "
"1","
"
"1"," 3rd Qu.:  4.00  "
"1","
"
"1"," Max.   :427.00  "
"1","
"
"1",""
"1","     Steps      "
"1","
"
"1"," Min.   :0.000  "
"1","
"
"1"," 1st Qu.:0.000  "
"1","
"
"1"," Median :0.000  "
"1","
"
"1"," Mean   :0.119  "
"1","
"
"1"," 3rd Qu.:0.000  "
"1","
"
"1"," Max.   :3.000  "
"1","
"
"1",""
"1","       HR        "
"1","
"
"1"," Min.   : 16.00  "
"1","
"
"1"," 1st Qu.: 63.00  "
"1","
"
"1"," Median : 70.00  "
"1","
"
"1"," Mean   : 70.53  "
"1","
"
"1"," 3rd Qu.: 75.00  "
"1","
"
"1"," Max.   :228.00  "
"1","
"
"1",""
"1"," Inclinometer.Off"
"1","
"
"1"," Min.   :0.0000  "
"1","
"
"1"," 1st Qu.:0.0000  "
"1","
"
"1"," Median :0.0000  "
"1","
"
"1"," Mean   :0.2647  "
"1","
"
"1"," 3rd Qu.:1.0000  "
"1","
"
"1"," Max.   :1.0000  "
"1","
"
"1",""
"1"," Inclinometer.Standing"
"1","
"
"1"," Min.   :0.0000       "
"1","
"
"1"," 1st Qu.:0.0000       "
"1","
"
"1"," Median :0.0000       "
"1","
"
"1"," Mean   :0.2665       "
"1","
"
"1"," 3rd Qu.:1.0000       "
"1","
"
"1"," Max.   :1.0000       "
"1","
"
"1",""
"1"," Inclinometer.Sitting"
"1","
"
"1"," Min.   :0.0000      "
"1","
"
"1"," 1st Qu.:0.0000      "
"1","
"
"1"," Median :0.0000      "
"1","
"
"1"," Mean   :0.2961      "
"1","
"
"1"," 3rd Qu.:1.0000      "
"1","
"
"1"," Max.   :1.0000      "
"1","
"
"1",""
"1"," Inclinometer.Lying"
"1","
"
"1"," Min.   :0.0000    "
"1","
"
"1"," 1st Qu.:0.0000    "
"1","
"
"1"," Median :0.0000    "
"1","
"
"1"," Mean   :0.1727    "
"1","
"
"1"," 3rd Qu.:0.0000    "
"1","
"
"1"," Max.   :1.0000    "
"1","
"
"1",""
"1"," Vector.Magnitude"
"1","
"
"1"," Min.   :  0.00  "
"1","
"
"1"," 1st Qu.:  0.00  "
"1","
"
"1"," Median :  0.00  "
"1","
"
"1"," Mean   : 24.73  "
"1","
"
"1"," 3rd Qu.: 18.00  "
"1","
"
"1"," Max.   :573.76  "
"1","
"
"1",""
"1","      day       "
"1","
"
"1"," Min.   :1.000  "
"1","
"
"1"," 1st Qu.:1.000  "
"1","
"
"1"," Median :1.000  "
"1","
"
"1"," Mean   :1.372  "
"1","
"
"1"," 3rd Qu.:2.000  "
"1","
"
"1"," Max.   :2.000  "
"1","
"
"1",""
"1","        time      "
"1","
"
"1"," Length   :65911  "
"1","
"
"1"," N.unique :65911  "
"1","
"
"1"," N.blank  :    0  "
"1","
"
"1"," Min.nchar:    8  "
"1","
"
"1"," Max.nchar:    8  "
"1","
"
"1","                  "
"1","
"
"1","
"
"1","[[19]]
"
"1",""
"1","       X        "
"1","
"
"1"," Min.   :   69  "
"1","
"
"1"," 1st Qu.:21120  "
"1","
"
"1"," Median :43128  "
"1","
"
"1"," Mean   :42802  "
"1","
"
"1"," 3rd Qu.:64399  "
"1","
"
"1"," Max.   :85579  "
"1","
"
"1",""
"1","     Axis1       "
"1","
"
"1"," Min.   :  0.00  "
"1","
"
"1"," 1st Qu.:  0.00  "
"1","
"
"1"," Median :  0.00  "
"1","
"
"1"," Mean   : 14.41  "
"1","
"
"1"," 3rd Qu.:  6.00  "
"1","
"
"1"," Max.   :450.00  "
"1","
"
"1",""
"1","     Axis2      "
"1","
"
"1"," Min.   :  0.0  "
"1","
"
"1"," 1st Qu.:  0.0  "
"1","
"
"1"," Median :  0.0  "
"1","
"
"1"," Mean   : 14.7  "
"1","
"
"1"," 3rd Qu.:  0.0  "
"1","
"
"1"," Max.   :458.0  "
"1","
"
"1",""
"1","     Axis3       "
"1","
"
"1"," Min.   :  0.00  "
"1","
"
"1"," 1st Qu.:  0.00  "
"1","
"
"1"," Median :  0.00  "
"1","
"
"1"," Mean   : 15.72  "
"1","
"
"1"," 3rd Qu.: 10.00  "
"1","
"
"1"," Max.   :410.00  "
"1","
"
"1",""
"1","     Steps      "
"1","
"
"1"," Min.   :0.000  "
"1","
"
"1"," 1st Qu.:0.000  "
"1","
"
"1"," Median :0.000  "
"1","
"
"1"," Mean   :0.152  "
"1","
"
"1"," 3rd Qu.:0.000  "
"1","
"
"1"," Max.   :3.000  "
"1","
"
"1",""
"1","       HR        "
"1","
"
"1"," Min.   :  3.00  "
"1","
"
"1"," 1st Qu.: 57.00  "
"1","
"
"1"," Median : 72.00  "
"1","
"
"1"," Mean   : 73.56  "
"1","
"
"1"," 3rd Qu.: 87.00  "
"1","
"
"1"," Max.   :152.00  "
"1","
"
"1",""
"1"," Inclinometer.Off"
"1","
"
"1"," Min.   :0.0000  "
"1","
"
"1"," 1st Qu.:0.0000  "
"1","
"
"1"," Median :0.0000  "
"1","
"
"1"," Mean   :0.2336  "
"1","
"
"1"," 3rd Qu.:0.0000  "
"1","
"
"1"," Max.   :1.0000  "
"1","
"
"1",""
"1"," Inclinometer.Standing"
"1","
"
"1"," Min.   :0.0000       "
"1","
"
"1"," 1st Qu.:0.0000       "
"1","
"
"1"," Median :0.0000       "
"1","
"
"1"," Mean   :0.2905       "
"1","
"
"1"," 3rd Qu.:1.0000       "
"1","
"
"1"," Max.   :1.0000       "
"1","
"
"1",""
"1"," Inclinometer.Sitting"
"1","
"
"1"," Min.   :0.0000      "
"1","
"
"1"," 1st Qu.:0.0000      "
"1","
"
"1"," Median :0.0000      "
"1","
"
"1"," Mean   :0.3276      "
"1","
"
"1"," 3rd Qu.:1.0000      "
"1","
"
"1"," Max.   :1.0000      "
"1","
"
"1",""
"1"," Inclinometer.Lying"
"1","
"
"1"," Min.   :0.0000    "
"1","
"
"1"," 1st Qu.:0.0000    "
"1","
"
"1"," Median :0.0000    "
"1","
"
"1"," Mean   :0.1483    "
"1","
"
"1"," 3rd Qu.:0.0000    "
"1","
"
"1"," Max.   :1.0000    "
"1","
"
"1",""
"1"," Vector.Magnitude"
"1","
"
"1"," Min.   :  0.0   "
"1","
"
"1"," 1st Qu.:  0.0   "
"1","
"
"1"," Median :  0.0   "
"1","
"
"1"," Mean   : 29.8   "
"1","
"
"1"," 3rd Qu.: 29.0   "
"1","
"
"1"," Max.   :559.0   "
"1","
"
"1",""
"1","      day       "
"1","
"
"1"," Min.   :1.000  "
"1","
"
"1"," 1st Qu.:1.000  "
"1","
"
"1"," Median :1.000  "
"1","
"
"1"," Mean   :1.394  "
"1","
"
"1"," 3rd Qu.:2.000  "
"1","
"
"1"," Max.   :2.000  "
"1","
"
"1",""
"1","        time      "
"1","
"
"1"," Length   :68326  "
"1","
"
"1"," N.unique :68326  "
"1","
"
"1"," N.blank  :    0  "
"1","
"
"1"," Min.nchar:    8  "
"1","
"
"1"," Max.nchar:    8  "
"1","
"
"1","                  "
"1","
"
"1","
"
"1","[[20]]
"
"1",""
"1","       X        "
"1","
"
"1"," Min.   :   23  "
"1","
"
"1"," 1st Qu.:20065  "
"1","
"
"1"," Median :40500  "
"1","
"
"1"," Mean   :41155  "
"1","
"
"1"," 3rd Qu.:62747  "
"1","
"
"1"," Max.   :84917  "
"1","
"
"1",""
"1","     Axis1       "
"1","
"
"1"," Min.   :  0.00  "
"1","
"
"1"," 1st Qu.:  0.00  "
"1","
"
"1"," Median :  0.00  "
"1","
"
"1"," Mean   : 12.77  "
"1","
"
"1"," 3rd Qu.:  5.00  "
"1","
"
"1"," Max.   :468.00  "
"1","
"
"1",""
"1","     Axis2      "
"1","
"
"1"," Min.   :  0.0  "
"1","
"
"1"," 1st Qu.:  0.0  "
"1","
"
"1"," Median :  0.0  "
"1","
"
"1"," Mean   : 12.1  "
"1","
"
"1"," 3rd Qu.:  1.0  "
"1","
"
"1"," Max.   :503.0  "
"1","
"
"1",""
"1","     Axis3       "
"1","
"
"1"," Min.   :  0.00  "
"1","
"
"1"," 1st Qu.:  0.00  "
"1","
"
"1"," Median :  0.00  "
"1","
"
"1"," Mean   : 14.72  "
"1","
"
"1"," 3rd Qu.:  8.00  "
"1","
"
"1"," Max.   :419.00  "
"1","
"
"1",""
"1","     Steps       "
"1","
"
"1"," Min.   :0.0000  "
"1","
"
"1"," 1st Qu.:0.0000  "
"1","
"
"1"," Median :0.0000  "
"1","
"
"1"," Mean   :0.1386  "
"1","
"
"1"," 3rd Qu.:0.0000  "
"1","
"
"1"," Max.   :3.0000  "
"1","
"
"1",""
"1","       HR        "
"1","
"
"1"," Min.   : 13.00  "
"1","
"
"1"," 1st Qu.: 57.00  "
"1","
"
"1"," Median : 70.00  "
"1","
"
"1"," Mean   : 70.01  "
"1","
"
"1"," 3rd Qu.: 80.00  "
"1","
"
"1"," Max.   :233.00  "
"1","
"
"1",""
"1"," Inclinometer.Off"
"1","
"
"1"," Min.   :0.0000  "
"1","
"
"1"," 1st Qu.:0.0000  "
"1","
"
"1"," Median :0.0000  "
"1","
"
"1"," Mean   :0.2127  "
"1","
"
"1"," 3rd Qu.:0.0000  "
"1","
"
"1"," Max.   :1.0000  "
"1","
"
"1",""
"1"," Inclinometer.Standing"
"1","
"
"1"," Min.   :0.0000       "
"1","
"
"1"," 1st Qu.:0.0000       "
"1","
"
"1"," Median :0.0000       "
"1","
"
"1"," Mean   :0.2837       "
"1","
"
"1"," 3rd Qu.:1.0000       "
"1","
"
"1"," Max.   :1.0000       "
"1","
"
"1",""
"1"," Inclinometer.Sitting"
"1","
"
"1"," Min.   :0.0000      "
"1","
"
"1"," 1st Qu.:0.0000      "
"1","
"
"1"," Median :0.0000      "
"1","
"
"1"," Mean   :0.3499      "
"1","
"
"1"," 3rd Qu.:1.0000      "
"1","
"
"1"," Max.   :1.0000      "
"1","
"
"1",""
"1"," Inclinometer.Lying"
"1","
"
"1"," Min.   :0.0000    "
"1","
"
"1"," 1st Qu.:0.0000    "
"1","
"
"1"," Median :0.0000    "
"1","
"
"1"," Mean   :0.1537    "
"1","
"
"1"," 3rd Qu.:0.0000    "
"1","
"
"1"," Max.   :1.0000    "
"1","
"
"1",""
"1"," Vector.Magnitude"
"1","
"
"1"," Min.   :  0.00  "
"1","
"
"1"," 1st Qu.:  0.00  "
"1","
"
"1"," Median :  0.00  "
"1","
"
"1"," Mean   : 26.43  "
"1","
"
"1"," 3rd Qu.: 25.00  "
"1","
"
"1"," Max.   :602.73  "
"1","
"
"1",""
"1","      day       "
"1","
"
"1"," Min.   :1.000  "
"1","
"
"1"," 1st Qu.:1.000  "
"1","
"
"1"," Median :1.000  "
"1","
"
"1"," Mean   :1.355  "
"1","
"
"1"," 3rd Qu.:2.000  "
"1","
"
"1"," Max.   :2.000  "
"1","
"
"1",""
"1","        time      "
"1","
"
"1"," Length   :64740  "
"1","
"
"1"," N.unique :64740  "
"1","
"
"1"," N.blank  :    0  "
"1","
"
"1"," Min.nchar:    8  "
"1","
"
"1"," Max.nchar:    8  "
"1","
"
"1","                  "
"1","
"
"1","
"
"1","[[21]]
"
"1",""
"1","       X        "
"1","
"
"1"," Min.   :   23  "
"1","
"
"1"," 1st Qu.:20651  "
"1","
"
"1"," Median :41286  "
"1","
"
"1"," Mean   :41508  "
"1","
"
"1"," 3rd Qu.:62252  "
"1","
"
"1"," Max.   :83212  "
"1","
"
"1",""
"1","     Axis1      "
"1","
"
"1"," Min.   :  0.0  "
"1","
"
"1"," 1st Qu.:  0.0  "
"1","
"
"1"," Median :  0.0  "
"1","
"
"1"," Mean   : 14.3  "
"1","
"
"1"," 3rd Qu.:  6.0  "
"1","
"
"1"," Max.   :447.0  "
"1","
"
"1",""
"1","     Axis2       "
"1","
"
"1"," Min.   :  0.00  "
"1","
"
"1"," 1st Qu.:  0.00  "
"1","
"
"1"," Median :  0.00  "
"1","
"
"1"," Mean   : 11.24  "
"1","
"
"1"," 3rd Qu.:  0.00  "
"1","
"
"1"," Max.   :616.00  "
"1","
"
"1",""
"1","     Axis3       "
"1","
"
"1"," Min.   :  0.00  "
"1","
"
"1"," 1st Qu.:  0.00  "
"1","
"
"1"," Median :  0.00  "
"1","
"
"1"," Mean   : 16.77  "
"1","
"
"1"," 3rd Qu.: 14.00  "
"1","
"
"1"," Max.   :540.00  "
"1","
"
"1",""
"1","     Steps       "
"1","
"
"1"," Min.   :0.0000  "
"1","
"
"1"," 1st Qu.:0.0000  "
"1","
"
"1"," Median :0.0000  "
"1","
"
"1"," Mean   :0.1371  "
"1","
"
"1"," 3rd Qu.:0.0000  "
"1","
"
"1"," Max.   :3.0000  "
"1","
"
"1",""
"1","       HR        "
"1","
"
"1"," Min.   : 51.00  "
"1","
"
"1"," 1st Qu.: 65.00  "
"1","
"
"1"," Median : 74.00  "
"1","
"
"1"," Mean   : 76.13  "
"1","
"
"1"," 3rd Qu.: 83.00  "
"1","
"
"1"," Max.   :197.00  "
"1","
"
"1",""
"1"," Inclinometer.Off"
"1","
"
"1"," Min.   :0.0000  "
"1","
"
"1"," 1st Qu.:0.0000  "
"1","
"
"1"," Median :0.0000  "
"1","
"
"1"," Mean   :0.1865  "
"1","
"
"1"," 3rd Qu.:0.0000  "
"1","
"
"1"," Max.   :1.0000  "
"1","
"
"1",""
"1"," Inclinometer.Standing"
"1","
"
"1"," Min.   :0.000        "
"1","
"
"1"," 1st Qu.:0.000        "
"1","
"
"1"," Median :0.000        "
"1","
"
"1"," Mean   :0.316        "
"1","
"
"1"," 3rd Qu.:1.000        "
"1","
"
"1"," Max.   :1.000        "
"1","
"
"1",""
"1"," Inclinometer.Sitting"
"1","
"
"1"," Min.   :0.0000      "
"1","
"
"1"," 1st Qu.:0.0000      "
"1","
"
"1"," Median :0.0000      "
"1","
"
"1"," Mean   :0.3882      "
"1","
"
"1"," 3rd Qu.:1.0000      "
"1","
"
"1"," Max.   :1.0000      "
"1","
"
"1",""
"1"," Inclinometer.Lying"
"1","
"
"1"," Min.   :0.0000    "
"1","
"
"1"," 1st Qu.:0.0000    "
"1","
"
"1"," Median :0.0000    "
"1","
"
"1"," Mean   :0.1094    "
"1","
"
"1"," 3rd Qu.:0.0000    "
"1","
"
"1"," Max.   :1.0000    "
"1","
"
"1",""
"1"," Vector.Magnitude"
"1","
"
"1"," Min.   :  0.00  "
"1","
"
"1"," 1st Qu.:  0.00  "
"1","
"
"1"," Median :  0.00  "
"1","
"
"1"," Mean   : 28.41  "
"1","
"
"1"," 3rd Qu.: 29.70  "
"1","
"
"1"," Max.   :691.95  "
"1","
"
"1",""
"1","      day       "
"1","
"
"1"," Min.   :1.000  "
"1","
"
"1"," 1st Qu.:1.000  "
"1","
"
"1"," Median :1.000  "
"1","
"
"1"," Mean   :1.379  "
"1","
"
"1"," 3rd Qu.:2.000  "
"1","
"
"1"," Max.   :2.000  "
"1","
"
"1",""
"1","        time      "
"1","
"
"1"," Length   :67186  "
"1","
"
"1"," N.unique :67186  "
"1","
"
"1"," N.blank  :    0  "
"1","
"
"1"," Min.nchar:    8  "
"1","
"
"1"," Max.nchar:    8  "
"1","
"
"1","                  "
"1","
"
"1","
"
"1","[[22]]
"
"1",""
"1","       X        "
"1","
"
"1"," Min.   :    9  "
"1","
"
"1"," 1st Qu.:20758  "
"1","
"
"1"," Median :42388  "
"1","
"
"1"," Mean   :42223  "
"1","
"
"1"," 3rd Qu.:63284  "
"1","
"
"1"," Max.   :84415  "
"1","
"
"1",""
"1","     Axis1       "
"1","
"
"1"," Min.   :  0.00  "
"1","
"
"1"," 1st Qu.:  0.00  "
"1","
"
"1"," Median :  0.00  "
"1","
"
"1"," Mean   : 17.18  "
"1","
"
"1"," 3rd Qu.: 20.00  "
"1","
"
"1"," Max.   :402.00  "
"1","
"
"1",""
"1","     Axis2      "
"1","
"
"1"," Min.   :  0.0  "
"1","
"
"1"," 1st Qu.:  0.0  "
"1","
"
"1"," Median :  0.0  "
"1","
"
"1"," Mean   : 17.9  "
"1","
"
"1"," 3rd Qu.: 16.0  "
"1","
"
"1"," Max.   :492.0  "
"1","
"
"1",""
"1","     Axis3      "
"1","
"
"1"," Min.   :  0.0  "
"1","
"
"1"," 1st Qu.:  0.0  "
"1","
"
"1"," Median :  0.0  "
"1","
"
"1"," Mean   : 23.4  "
"1","
"
"1"," 3rd Qu.: 28.0  "
"1","
"
"1"," Max.   :405.0  "
"1","
"
"1",""
"1","     Steps       "
"1","
"
"1"," Min.   :0.0000  "
"1","
"
"1"," 1st Qu.:0.0000  "
"1","
"
"1"," Median :0.0000  "
"1","
"
"1"," Mean   :0.1967  "
"1","
"
"1"," 3rd Qu.:0.0000  "
"1","
"
"1"," Max.   :3.0000  "
"1","
"
"1",""
"1","       HR       "
"1","
"
"1"," Min.   : 42.0  "
"1","
"
"1"," 1st Qu.: 57.0  "
"1","
"
"1"," Median : 67.0  "
"1","
"
"1"," Mean   : 65.3  "
"1","
"
"1"," 3rd Qu.: 72.0  "
"1","
"
"1"," Max.   :131.0  "
"1","
"
"1",""
"1"," Inclinometer.Off"
"1","
"
"1"," Min.   :0.0000  "
"1","
"
"1"," 1st Qu.:0.0000  "
"1","
"
"1"," Median :0.0000  "
"1","
"
"1"," Mean   :0.2028  "
"1","
"
"1"," 3rd Qu.:0.0000  "
"1","
"
"1"," Max.   :1.0000  "
"1","
"
"1",""
"1"," Inclinometer.Standing"
"1","
"
"1"," Min.   :0.0000       "
"1","
"
"1"," 1st Qu.:0.0000       "
"1","
"
"1"," Median :0.0000       "
"1","
"
"1"," Mean   :0.3617       "
"1","
"
"1"," 3rd Qu.:1.0000       "
"1","
"
"1"," Max.   :1.0000       "
"1","
"
"1",""
"1"," Inclinometer.Sitting"
"1","
"
"1"," Min.   :0.000       "
"1","
"
"1"," 1st Qu.:0.000       "
"1","
"
"1"," Median :0.000       "
"1","
"
"1"," Mean   :0.271       "
"1","
"
"1"," 3rd Qu.:1.000       "
"1","
"
"1"," Max.   :1.000       "
"1","
"
"1",""
"1"," Inclinometer.Lying"
"1","
"
"1"," Min.   :0.0000    "
"1","
"
"1"," 1st Qu.:0.0000    "
"1","
"
"1"," Median :0.0000    "
"1","
"
"1"," Mean   :0.1645    "
"1","
"
"1"," 3rd Qu.:0.0000    "
"1","
"
"1"," Max.   :1.0000    "
"1","
"
"1",""
"1"," Vector.Magnitude"
"1","
"
"1"," Min.   :  0.00  "
"1","
"
"1"," 1st Qu.:  0.00  "
"1","
"
"1"," Median :  0.00  "
"1","
"
"1"," Mean   : 39.38  "
"1","
"
"1"," 3rd Qu.: 61.33  "
"1","
"
"1"," Max.   :551.74  "
"1","
"
"1",""
"1","      day      "
"1","
"
"1"," Min.   :1.00  "
"1","
"
"1"," 1st Qu.:1.00  "
"1","
"
"1"," Median :1.00  "
"1","
"
"1"," Mean   :1.37  "
"1","
"
"1"," 3rd Qu.:2.00  "
"1","
"
"1"," Max.   :2.00  "
"1","
"
"1",""
"1","        time      "
"1","
"
"1"," Length   :67874  "
"1","
"
"1"," N.unique :67874  "
"1","
"
"1"," N.blank  :    0  "
"1","
"
"1"," Min.nchar:    8  "
"1","
"
"1"," Max.nchar:    8  "
"1","
"
"1","                  "
"1","
"
"1","
"
